loss,recon,kl,val_loss,val_recon,val_kl
972.9052734375,503.6729736328125,469.2322692871094,13697.490234375,4251.4658203125,9446.025390625
581.9182739257812,236.52146911621094,345.39678955078125,23186.84375,5970.12890625,17216.716796875
447.3824157714844,170.67132568359375,276.7110900878906,13603.48046875,3237.7646484375,10365.7158203125
363.6728515625,130.25416564941406,233.41868591308594,8858.169921875,2776.657958984375,6081.51220703125
328.8686828613281,126.59434509277344,202.2743682861328,4546.16455078125,1105.519287109375,3440.6455078125
300.78143310546875,121.6762466430664,179.10519409179688,3434.1357421875,1158.6180419921875,2275.517822265625
270.8406982421875,108.74095916748047,162.09974670410156,2440.833251953125,941.2138671875,1499.6192626953125
250.7112579345703,103.90017700195312,146.8110809326172,1352.1973876953125,443.30438232421875,908.8929443359375
232.55419921875,99.28872680664062,133.26547241210938,1042.0162353515625,372.9966735839844,669.01953125
215.87538146972656,95.36856079101562,120.5068130493164,578.9488525390625,156.1244659423828,422.8244323730469
201.72122192382812,91.84701538085938,109.87420654296875,472.0121765136719,137.1650390625,334.8471984863281
191.6919708251953,92.10084533691406,99.59111022949219,435.1096496582031,136.87905883789062,298.2305603027344
178.6820526123047,87.56871032714844,91.11334991455078,402.3673400878906,131.3994140625,270.9679260253906
167.900146484375,84.51522064208984,83.38494110107422,321.3474426269531,108.62216186523438,212.72531127929688
159.30679321289062,83.27731323242188,76.02948760986328,286.09112548828125,100.8607406616211,185.23037719726562
149.98684692382812,80.82862091064453,69.15823364257812,224.0816650390625,78.94559478759766,145.13609313964844
141.46412658691406,78.72512817382812,62.73900604248047,192.7193603515625,74.21451568603516,118.50485229492188
134.618408203125,77.30987548828125,57.30854797363281,187.5377197265625,75.93861389160156,111.59911346435547
129.43336486816406,77.14103698730469,52.292327880859375,186.91958618164062,74.92411041259766,111.9954605102539
122.9061279296875,75.22525024414062,47.68087387084961,170.1949920654297,71.67916870117188,98.51581573486328
117.75521087646484,74.00418090820312,43.751033782958984,154.89573669433594,72.910888671875,81.9848403930664
114.29088592529297,73.83641052246094,40.4544677734375,145.15679931640625,69.00056457519531,76.15621948242188
110.48394775390625,73.09293365478516,37.391021728515625,141.41925048828125,69.60143280029297,71.81782531738281
106.83256530761719,71.82103729248047,35.011531829833984,139.55397033691406,70.62974548339844,68.92422485351562
104.88397979736328,71.9199447631836,32.96403121948242,135.59695434570312,71.09976196289062,64.4971923828125
101.65029907226562,70.68003845214844,30.970260620117188,125.12962341308594,68.4599380493164,56.669681549072266
99.7542724609375,70.48783111572266,29.26643180847168,120.25025939941406,71.14509582519531,49.10515594482422
98.49369812011719,70.5982666015625,27.895427703857422,115.86589813232422,71.2459716796875,44.61992645263672
97.00804138183594,70.2421646118164,26.765869140625,113.06681823730469,70.47669982910156,42.59010696411133
96.10980224609375,70.41605377197266,25.693744659423828,113.96781921386719,72.96903228759766,40.998779296875
95.1337890625,70.27899169921875,24.854801177978516,110.59783172607422,71.0954818725586,39.50234603881836
94.68527221679688,70.67471313476562,24.01056671142578,108.7354965209961,71.09784698486328,37.63764572143555
93.52944946289062,70.14190673828125,23.387548446655273,107.82144927978516,71.5044937133789,36.31695556640625
92.87809753417969,70.20686340332031,22.67124366760254,105.71785736083984,71.13214111328125,34.58570861816406
92.71450805664062,70.69122314453125,22.02327537536621,103.88330841064453,71.21372985839844,32.66958236694336
92.04539489746094,70.62539672851562,21.419986724853516,102.14559936523438,70.66272735595703,31.482877731323242
91.91913604736328,71.14983367919922,20.769304275512695,101.83842468261719,70.37309265136719,31.465347290039062
91.24740600585938,70.8927230834961,20.354690551757812,101.37677001953125,70.38035583496094,30.996410369873047
90.58541870117188,70.87876892089844,19.706649780273438,100.98536682128906,70.35456085205078,30.630800247192383
90.4323959350586,71.17744445800781,19.25494956970215,101.33709716796875,70.16278839111328,31.17432403564453
89.86128234863281,71.06832885742188,18.79295539855957,101.32008361816406,70.2822265625,31.037858963012695
89.83766174316406,71.46456146240234,18.37310218811035,99.62994384765625,69.58908081054688,30.040861129760742
89.3027114868164,71.37193298339844,17.930768966674805,99.86316680908203,71.12918090820312,28.73399543762207
89.21379852294922,71.7247314453125,17.489065170288086,98.65116882324219,71.36518096923828,27.285987854003906
88.93814849853516,71.85792541503906,17.08022117614746,96.81726837158203,70.29859161376953,26.5186767578125
88.29312896728516,71.60598754882812,16.68714714050293,96.88943481445312,70.96403503417969,25.9254093170166
88.04003143310547,71.79751586914062,16.242521286010742,95.40714263916016,70.18110656738281,25.226049423217773
87.3824691772461,71.53119659423828,15.851285934448242,95.5922622680664,70.93802642822266,24.654237747192383
87.77002716064453,72.27802276611328,15.49200439453125,95.832763671875,71.90774536132812,23.92502212524414
87.07484436035156,71.92180633544922,15.153040885925293,95.98511505126953,72.76480102539062,23.220317840576172
86.78006744384766,71.99857330322266,14.781500816345215,94.70193481445312,72.2774887084961,22.4244384765625
87.066162109375,72.61876678466797,14.447391510009766,93.4124526977539,71.60657501220703,21.805871963500977
86.42337036132812,72.33987426757812,14.083494186401367,93.4908676147461,72.33517456054688,21.155691146850586
86.04195404052734,72.29644775390625,13.745513916015625,92.50129699707031,72.03650665283203,20.464780807495117
86.71991729736328,73.28962707519531,13.43029499053955,92.09632110595703,72.1510238647461,19.94530487060547
86.061767578125,72.92069244384766,13.141077995300293,92.54924774169922,72.87012481689453,19.679122924804688
86.03917694091797,73.18753814697266,12.851633071899414,91.76020812988281,72.43960571289062,19.320598602294922
85.17407989501953,72.64117431640625,12.532919883728027,89.71527862548828,71.09053039550781,18.6247501373291
84.65406799316406,72.39100646972656,12.263062477111816,90.25533294677734,72.26283264160156,17.99249839782715
85.33079528808594,73.34708404541016,11.98371696472168,89.93604278564453,72.51521301269531,17.420833587646484
85.11261749267578,73.3918228149414,11.720803260803223,90.14412689208984,72.82723999023438,17.31688117980957
84.76057434082031,73.28750610351562,11.473066329956055,88.55948638916016,71.32433319091797,17.235145568847656
84.68748474121094,73.46350860595703,11.223966598510742,89.4037857055664,72.53743743896484,16.866344451904297
84.57072448730469,73.60446166992188,10.966245651245117,88.98975372314453,72.68882751464844,16.300931930541992
84.355224609375,73.65951538085938,10.69571304321289,88.49834442138672,72.65003967285156,15.848307609558105
83.68225860595703,73.2052993774414,10.476957321166992,89.69507598876953,74.45958709716797,15.235486030578613
84.48231506347656,74.26602935791016,10.216279029846191,88.08721160888672,73.2835693359375,14.803650856018066
83.84211730957031,73.8196029663086,10.022504806518555,87.69957733154297,73.2745132446289,14.425077438354492
83.52885437011719,73.72955322265625,9.799304962158203,87.22518157958984,73.1680679321289,14.05710506439209
83.49777221679688,73.930908203125,9.566871643066406,88.57875061035156,74.89103698730469,13.687707901000977
83.63923645019531,74.27142333984375,9.367814064025879,87.91268157958984,74.37950897216797,13.533164978027344
83.36822509765625,74.19578552246094,9.172451972961426,87.44393157958984,74.04931640625,13.394615173339844
83.6763916015625,74.73382568359375,8.942572593688965,86.56470489501953,73.52558135986328,13.03911018371582
82.76490020751953,74.0184326171875,8.7464599609375,85.60295104980469,73.1700210571289,12.432930946350098
82.89418029785156,74.35052490234375,8.543655395507812,85.88740539550781,73.93534851074219,11.952062606811523
83.00033569335938,74.63056945800781,8.369767189025879,85.6015853881836,74.07592010498047,11.525656700134277
82.525634765625,74.35235595703125,8.173285484313965,85.76858520507812,74.54293823242188,11.22564697265625
82.56649017333984,74.5685043334961,7.997975826263428,84.84015655517578,73.84910583496094,10.991052627563477
83.099853515625,75.24459838867188,7.855259418487549,85.90342712402344,75.03530883789062,10.868119239807129
82.27778625488281,74.56278991699219,7.714992046356201,84.46501159667969,73.83297729492188,10.632039070129395
82.9268798828125,75.36695098876953,7.55991792678833,84.77871704101562,74.3085708618164,10.470139503479004
82.2076416015625,74.8061752319336,7.4014739990234375,83.7302474975586,73.52188873291016,10.208365440368652
82.15938568115234,74.91851043701172,7.240870952606201,84.49382019042969,74.63214874267578,9.861669540405273
81.81440734863281,74.75452423095703,7.059883117675781,85.31430053710938,75.7691421508789,9.545159339904785
82.25969696044922,75.35565185546875,6.904046535491943,84.5660171508789,75.19120025634766,9.374813079833984
81.58282470703125,74.8185043334961,6.764317989349365,84.84452056884766,75.68019104003906,9.164324760437012
82.22376251220703,75.57205200195312,6.651710033416748,84.38219451904297,75.4791030883789,8.903092384338379
81.42474365234375,74.92021942138672,6.504537105560303,85.0782699584961,76.4717788696289,8.606497764587402
81.76205444335938,75.40941619873047,6.35264253616333,83.66031646728516,75.3426742553711,8.317642211914062
81.83674621582031,75.64532470703125,6.1914167404174805,83.37394714355469,75.18011474609375,8.193838119506836
81.86978912353516,75.80828857421875,6.061514854431152,85.22190856933594,77.0368423461914,8.185050010681152
81.50105285644531,75.56333923339844,5.937716960906982,83.0158462524414,74.8389663696289,8.176888465881348
81.07279205322266,75.26380157470703,5.808981418609619,83.22431182861328,75.28440856933594,7.939906597137451
81.4810791015625,75.8014907836914,5.679594993591309,84.6720962524414,76.99751281738281,7.674579620361328
81.50154876708984,75.94497680664062,5.5565714836120605,82.55963897705078,75.12679290771484,7.432851314544678
80.80611419677734,75.35926055908203,5.446850299835205,83.1695327758789,76.01405334472656,7.155468940734863
80.90332794189453,75.5698471069336,5.333479404449463,83.29736328125,76.42595672607422,6.871400356292725
81.1127700805664,75.88043975830078,5.232314109802246,82.2762680053711,75.65957641601562,6.616694450378418
80.95712280273438,75.81737518310547,5.1397480964660645,81.48310089111328,75.0196304321289,6.4634575843811035
81.07943725585938,76.03477478027344,5.044658660888672,82.28905487060547,75.90253448486328,6.386526584625244
80.63257598876953,75.67587280273438,4.956704616546631,82.91132354736328,76.58565521240234,6.3256707191467285
80.90192413330078,76.00471496582031,4.897212028503418,83.61231231689453,77.32415771484375,6.288154602050781
80.82215118408203,75.99717712402344,4.824974060058594,82.43651580810547,76.21710205078125,6.2194108963012695
81.25570678710938,76.51958465576172,4.736125469207764,82.44883728027344,76.29414367675781,6.154688835144043
81.1094970703125,76.4662857055664,4.643213272094727,81.61974334716797,75.56835174560547,6.051380157470703
80.85004425048828,76.32438659667969,4.525653839111328,81.18062591552734,75.37446594238281,5.806166172027588
80.70446014404297,76.30615997314453,4.398292064666748,81.22982025146484,75.63037872314453,5.599430084228516
80.46864318847656,76.166259765625,4.30238676071167,81.92164611816406,76.40882873535156,5.512822151184082
80.09313201904297,75.8623275756836,4.230800151824951,82.03942108154297,76.59629821777344,5.443121433258057
80.5487289428711,76.37193298339844,4.176788806915283,81.22483825683594,75.76004028320312,5.4647932052612305
80.81517028808594,76.67451477050781,4.14064884185791,82.39125061035156,76.92304992675781,5.468191623687744
80.1492919921875,76.06729125976562,4.081999778747559,81.56593322753906,76.2618637084961,5.304068088531494
80.74072265625,76.73784637451172,4.002877235412598,81.5402603149414,76.46644592285156,5.073813438415527
80.24163055419922,76.34088134765625,3.900743246078491,81.30953979492188,76.34920501708984,4.960323333740234
79.9771957397461,76.15440368652344,3.8227949142456055,81.66790771484375,76.7764663696289,4.891449928283691
80.10902404785156,76.34812927246094,3.7608916759490967,81.54125213623047,76.76045227050781,4.7807841300964355
80.19068145751953,76.47669982910156,3.7139813899993896,81.69775390625,77.05518341064453,4.642566204071045
80.66040802001953,76.98330688476562,3.677110433578491,80.62538146972656,76.096923828125,4.528459072113037
79.56733703613281,75.93726348876953,3.6300699710845947,81.25686645507812,76.84210205078125,4.414764404296875
80.12997436523438,76.58829498291016,3.541677474975586,79.32316589355469,75.00810241699219,4.315063953399658
80.1949691772461,76.7314682006836,3.463512420654297,80.42162322998047,76.13530731201172,4.286318302154541
79.81778717041016,76.40323638916016,3.414547920227051,79.73086547851562,75.46849060058594,4.262383460998535
80.28167724609375,76.89656066894531,3.3851168155670166,80.43832397460938,76.21428680419922,4.224038124084473
79.84547424316406,76.48067474365234,3.3647937774658203,81.3788833618164,77.19156646728516,4.187319755554199
80.12865447998047,76.80864715576172,3.3200149536132812,79.8668212890625,75.65751647949219,4.209307670593262
79.37490844726562,76.10408782958984,3.2708237171173096,80.72163391113281,76.49974822998047,4.221885681152344
79.5716552734375,76.37008666992188,3.2015626430511475,82.02236938476562,77.80709838867188,4.215279579162598
79.69574737548828,76.5543441772461,3.141397476196289,80.5755615234375,76.44940948486328,4.126150608062744
79.90498352050781,76.82011413574219,3.0848774909973145,80.28087615966797,76.19281768798828,4.088061809539795
79.57787322998047,76.50606536865234,3.0718140602111816,80.78865051269531,76.75493621826172,4.033721446990967
79.96540832519531,76.92471313476562,3.0406947135925293,81.17424011230469,77.21051025390625,3.9637303352355957
80.18170928955078,77.19525909423828,2.986443519592285,79.61380767822266,75.67245483398438,3.9413607120513916
79.5433578491211,76.61479949951172,2.9285545349121094,78.7152099609375,74.94773864746094,3.7674806118011475
79.43291473388672,76.57664489746094,2.856280565261841,80.12451171875,76.55602264404297,3.5684943199157715
79.37651824951172,76.58763885498047,2.7888853549957275,80.22077941894531,76.75193786621094,3.468846082687378
79.12226104736328,76.36148071289062,2.7607812881469727,80.4766616821289,77.04778289794922,3.4288697242736816
79.26280212402344,76.53050231933594,2.732300043106079,80.2766342163086,76.91278076171875,3.363844871520996
79.77741241455078,77.09630584716797,2.681103467941284,80.30689239501953,77.0379409790039,3.26895809173584
79.93334197998047,77.29100799560547,2.642327308654785,81.38175201416016,78.24385070800781,3.1379013061523438
79.15152740478516,76.52932739257812,2.6222009658813477,79.30001831054688,76.30208587646484,2.9979331493377686
79.05512237548828,76.4735107421875,2.581601619720459,78.8705062866211,75.98303985595703,2.8874685764312744
79.31425476074219,76.76770782470703,2.546538829803467,80.36383819580078,77.55181121826172,2.8120250701904297
79.2006607055664,76.70532989501953,2.4953274726867676,81.19802856445312,78.44772338867188,2.750319242477417
79.73184967041016,77.2686767578125,2.4631717205047607,80.0340347290039,77.2629623413086,2.771061658859253
79.22395324707031,76.77494049072266,2.4490084648132324,80.6755599975586,77.83440399169922,2.8411712646484375
79.70072937011719,77.2629165649414,2.4378209114074707,79.66789245605469,76.76166534423828,2.906231641769409
79.76103210449219,77.33973693847656,2.4213008880615234,79.76758575439453,76.87618255615234,2.891406774520874
79.2316665649414,76.85093688964844,2.3807430267333984,79.4248275756836,76.55458068847656,2.8702452182769775
79.1742172241211,76.82811737060547,2.346101999282837,79.6526107788086,76.71459197998047,2.938007354736328
79.59996795654297,77.29524993896484,2.304725170135498,79.26431274414062,76.25202178955078,3.0122907161712646
79.50757598876953,77.20682525634766,2.3007524013519287,79.36322021484375,76.34365844726562,3.0195541381835938
79.7386474609375,77.48774719238281,2.2509043216705322,79.49846649169922,76.55211639404297,2.9463396072387695
79.59141540527344,77.39521026611328,2.196197986602783,79.3622817993164,76.42823028564453,2.9340531826019287
78.98343658447266,76.79505920410156,2.18837308883667,80.74315643310547,77.79327392578125,2.949876070022583
79.16268920898438,76.9946060180664,2.168076753616333,80.87840270996094,77.94304656982422,2.935353994369507
79.30780029296875,77.16634368896484,2.1414542198181152,79.16895294189453,76.30015563964844,2.8687965869903564
79.58430480957031,77.4605712890625,2.123727560043335,78.78138732910156,76.05511474609375,2.726280450820923
79.17691802978516,77.076904296875,2.1000094413757324,80.57826232910156,77.98120880126953,2.5970544815063477
79.6397933959961,77.56281280517578,2.076986312866211,80.81026458740234,78.28624725341797,2.524020195007324
78.92371368408203,76.85720825195312,2.0665016174316406,80.5499267578125,78.09719848632812,2.452723503112793
79.46509552001953,77.41812133789062,2.0469794273376465,79.86296081542969,77.4290771484375,2.4338784217834473
79.43299865722656,77.38426971435547,2.0487327575683594,79.63834381103516,77.13829803466797,2.500047206878662
79.60879516601562,77.52961730957031,2.0791819095611572,80.17645263671875,77.55583190917969,2.6206183433532715
79.64443969726562,77.53524780273438,2.109192132949829,79.87197875976562,77.10427856445312,2.7676992416381836
79.71054077148438,77.6011962890625,2.1093497276306152,79.26410675048828,76.48004913330078,2.7840487957000732
79.32388305664062,77.24771881103516,2.0761654376983643,79.86993408203125,77.09949493408203,2.770451784133911
79.28617095947266,77.25855255126953,2.02761173248291,79.13275146484375,76.3888168334961,2.7439327239990234
79.69849395751953,77.7056655883789,1.9928251504898071,81.0209732055664,78.37060546875,2.6503641605377197
79.23085021972656,77.2422866821289,1.9885601997375488,79.92232513427734,77.35791015625,2.5644166469573975
79.0335464477539,77.07960510253906,1.953950047492981,79.1865005493164,76.70982360839844,2.4766860008239746
79.1447982788086,77.22544860839844,1.9193459749221802,79.43678283691406,76.96675109863281,2.4700233936309814
79.81925964355469,77.89210510253906,1.9271612167358398,79.37027740478516,76.8670654296875,2.5032103061676025
79.0971908569336,77.14823150634766,1.9489682912826538,79.1957015991211,76.67593383789062,2.519763708114624
79.05919647216797,77.10643768310547,1.952755093574524,79.98452758789062,77.44969177246094,2.534837484359741
79.67405700683594,77.74372863769531,1.9303380250930786,79.5503921508789,76.98419189453125,2.5662059783935547
78.97362518310547,77.0642318725586,1.9093881845474243,79.07647705078125,76.47051239013672,2.6059656143188477
79.3873519897461,77.497314453125,1.8900396823883057,78.63572692871094,76.00540924072266,2.630314350128174
79.13001251220703,77.25687408447266,1.8731358051300049,78.82263946533203,76.16244506835938,2.6601829528808594
78.94274139404297,77.05485534667969,1.8878791332244873,81.11182403564453,78.40316009521484,2.708665132522583
79.7536392211914,77.8551254272461,1.89850914478302,80.33755493164062,77.60977172851562,2.7277746200561523
79.43004608154297,77.52180480957031,1.9082509279251099,78.84910583496094,76.15934753417969,2.689749240875244
78.71382141113281,76.84537506103516,1.8684394359588623,80.07073974609375,77.45919799804688,2.6115453243255615
79.04331970214844,77.2059326171875,1.8373693227767944,79.42115020751953,76.81317901611328,2.607973098754883
79.74220275878906,77.8963394165039,1.8458757400512695,79.05449676513672,76.36296844482422,2.6915345191955566
78.48896026611328,76.6316146850586,1.857345700263977,81.250244140625,78.6429214477539,2.6073148250579834
79.35796356201172,77.54100036621094,1.8169572353363037,79.73387145996094,77.27892303466797,2.4549410343170166
79.04164123535156,77.25858306884766,1.7830568552017212,81.06291198730469,78.67198944091797,2.3909149169921875
78.861572265625,77.07737731933594,1.7842028141021729,79.7995376586914,77.44343566894531,2.356107234954834
80.19319915771484,78.4019775390625,1.7912172079086304,78.97584533691406,76.58097839355469,2.3948702812194824
79.96162414550781,78.13361358642578,1.8280237913131714,79.90869140625,77.52947998046875,2.3792059421539307
79.20991516113281,77.39138793945312,1.8185359239578247,80.22859954833984,77.8828353881836,2.3457674980163574
78.6409683227539,76.86993408203125,1.7710376977920532,79.89213562011719,77.53533172607422,2.35679292678833
79.58834838867188,77.82720947265625,1.7611418962478638,80.01239013671875,77.57769775390625,2.434691905975342
79.02088165283203,77.22176361083984,1.7991138696670532,80.00253295898438,77.51924896240234,2.4832773208618164
78.7653579711914,76.97010040283203,1.7952675819396973,80.49689483642578,78.03047180175781,2.4664266109466553
78.96849822998047,77.182373046875,1.7861196994781494,80.5142822265625,78.03170776367188,2.4825665950775146
78.755615234375,76.98751068115234,1.7681066989898682,82.25690460205078,79.74021911621094,2.5166900157928467
79.13351440429688,77.36351776123047,1.7699915170669556,79.48387145996094,76.95758819580078,2.526273488998413
79.81307983398438,78.0182876586914,1.794796109199524,80.75392150878906,78.23446655273438,2.5194432735443115
79.08788299560547,77.26932525634766,1.8185538053512573,78.9140625,76.45841217041016,2.4556446075439453
79.54745483398438,77.73863220214844,1.8088154792785645,81.0916976928711,78.69013977050781,2.401556968688965
79.05518341064453,77.26102447509766,1.7941622734069824,79.5169677734375,77.17740631103516,2.3395628929138184
79.03190612792969,77.27357482910156,1.7583259344100952,80.16478729248047,77.90254974365234,2.2622482776641846
79.51190948486328,77.75895690917969,1.7529417276382446,80.4517822265625,78.13127899169922,2.3205080032348633
79.14435577392578,77.34971618652344,1.7946346998214722,79.11456298828125,76.77426147460938,2.3403031826019287
79.11297607421875,77.31475830078125,1.7982159852981567,79.89694213867188,77.62374877929688,2.2731878757476807
79.00961303710938,77.24458312988281,1.7650240659713745,79.7120361328125,77.45568084716797,2.2563552856445312
78.91132354736328,77.20626068115234,1.7050625085830688,80.02632904052734,77.67220306396484,2.3541269302368164
79.07942962646484,77.34540557861328,1.7340279817581177,79.11375427246094,76.60733795166016,2.5064117908477783
79.19551849365234,77.40672302246094,1.788788914680481,80.34709930419922,77.84584045410156,2.50126051902771
79.49311065673828,77.6973648071289,1.7957611083984375,78.68180084228516,76.32183837890625,2.3599660396575928
79.19380187988281,77.39756774902344,1.7962342500686646,80.05958557128906,77.79027557373047,2.269315242767334
78.96709442138672,77.20574951171875,1.7613511085510254,80.03929901123047,77.78288269042969,2.2564263343811035
78.88762664794922,77.1551513671875,1.7324680089950562,80.42803955078125,78.1753921508789,2.2526562213897705
79.03646850585938,77.30757904052734,1.7288867235183716,80.87679290771484,78.60450744628906,2.2722785472869873
78.7352294921875,77.00447845458984,1.7307426929473877,79.00475311279297,76.6839370727539,2.320812940597534
79.30448913574219,77.54129028320312,1.763202428817749,81.2488784790039,78.76045989990234,2.488420248031616
79.12921142578125,77.28853607177734,1.8406583070755005,79.69148254394531,77.09740447998047,2.594066619873047
79.1746826171875,77.30158996582031,1.8730906248092651,78.94964599609375,76.48555755615234,2.4640917778015137
79.64991760253906,77.82263946533203,1.8272767066955566,79.82174682617188,77.57730865478516,2.244436025619507
78.81783294677734,77.06192016601562,1.7559107542037964,80.09577941894531,77.91759490966797,2.178189992904663
79.26004791259766,77.53753662109375,1.7225159406661987,78.91598510742188,76.70169067382812,2.2142913341522217
79.09676361083984,77.38618469238281,1.7105672359466553,78.88524627685547,76.52302551269531,2.3622190952301025
79.55801391601562,77.80926513671875,1.7487529516220093,79.13297271728516,76.67843627929688,2.454542636871338
79.58228302001953,77.75103759765625,1.831254243850708,79.57772827148438,76.92625427246094,2.651479482650757
79.06356811523438,77.17072296142578,1.8928508758544922,80.44316101074219,77.70326232910156,2.739903450012207
79.10166931152344,77.23808288574219,1.8635908365249634,79.33795166015625,76.66128540039062,2.6766631603240967
79.40461730957031,77.5854263305664,1.819195032119751,78.16273498535156,75.6091079711914,2.5536186695098877
78.38728332519531,76.60874938964844,1.7785474061965942,79.54895782470703,77.14484405517578,2.404104232788086
80.21391296386719,78.47496795654297,1.7389453649520874,79.95433807373047,77.50279998779297,2.4515440464019775
79.24432373046875,77.4846420288086,1.7596765756607056,80.61819458007812,78.06913757324219,2.549062490463257
79.21039581298828,77.45599365234375,1.754398226737976,80.30136108398438,77.73983764648438,2.5615270137786865
80.03047943115234,78.28628540039062,1.7441928386688232,79.61917877197266,77.03398132324219,2.5851993560791016
79.53296661376953,77.78685760498047,1.746104121208191,79.56494903564453,76.89738464355469,2.667557954788208
79.48228454589844,77.70109558105469,1.781191110610962,80.65924835205078,77.90707397460938,2.752166986465454
78.85315704345703,77.01829528808594,1.8348588943481445,80.19593048095703,77.5112075805664,2.6847286224365234
79.58233642578125,77.73294830322266,1.8493783473968506,81.67997741699219,79.16548919677734,2.5144832134246826
79.25577545166016,77.41229248046875,1.843483567237854,80.70856475830078,78.2950210571289,2.413538932800293
78.85131072998047,77.05292510986328,1.7983884811401367,79.76667785644531,77.3819808959961,2.3847103118896484
79.22216033935547,77.4388427734375,1.7833210229873657,79.71693420410156,77.31365966796875,2.4032797813415527
79.1139144897461,77.29521942138672,1.8186991214752197,79.41560363769531,77.09416961669922,2.3214354515075684
79.11204528808594,77.27605438232422,1.8359942436218262,79.46443176269531,77.17679595947266,2.287637948989868
79.17860412597656,77.36676788330078,1.8118470907211304,79.9526596069336,77.717041015625,2.235614776611328
78.99778747558594,77.2070541381836,1.790734887123108,79.12915802001953,76.81342315673828,2.3157291412353516
79.24483489990234,77.45669555664062,1.7881436347961426,79.2763442993164,76.8836669921875,2.3926851749420166
78.87281799316406,77.07305145263672,1.7997711896896362,80.14852905273438,77.82472229003906,2.3237879276275635
78.91050720214844,77.12306213378906,1.7874399423599243,79.59909057617188,77.28041076660156,2.3186755180358887
79.28002166748047,77.48126220703125,1.7987595796585083,79.60835266113281,77.14334869384766,2.465012788772583
79.20945739746094,77.40078735351562,1.8086737394332886,78.44462585449219,75.94795227050781,2.496669292449951
79.30805969238281,77.52100372314453,1.7870545387268066,81.13986206054688,78.77554321289062,2.3643155097961426
78.95568084716797,77.21786499023438,1.7378171682357788,79.59960174560547,77.45259857177734,2.1470115184783936
79.42373657226562,77.74053192138672,1.6832013130187988,78.46778869628906,76.3536376953125,2.114152669906616
78.96629333496094,77.29563903808594,1.670652985572815,80.32186126708984,78.15953826904297,2.1623246669769287
79.77814483642578,78.12977600097656,1.6483650207519531,79.79875946044922,77.5501480102539,2.248608350753784
78.84416961669922,77.17652130126953,1.6676424741744995,78.87537384033203,76.44567108154297,2.429702043533325
78.80912780761719,77.12602233886719,1.6831096410751343,81.0316390991211,78.40518951416016,2.6264376640319824
79.14423370361328,77.43291473388672,1.7113152742385864,78.5687255859375,75.69700622558594,2.8717126846313477
78.75035095214844,77.01006317138672,1.7402909994125366,79.84558868408203,76.84906005859375,2.9965274333953857
79.18275451660156,77.42621612548828,1.756540060043335,79.8874282836914,76.91883850097656,2.968585729598999
78.93228149414062,77.14181518554688,1.7904630899429321,79.46228790283203,76.67322540283203,2.7890594005584717
79.13371276855469,77.33014678955078,1.8035695552825928,80.4404067993164,77.95870971679688,2.481689691543579
78.9209976196289,77.16443634033203,1.7565689086914062,79.2998046875,76.88172912597656,2.4180753231048584
79.68450164794922,77.96028137207031,1.7242239713668823,80.68157196044922,78.30061340332031,2.380960702896118
78.89097595214844,77.17488861083984,1.716108798980713,79.22317504882812,76.95562744140625,2.2675492763519287
79.44139862060547,77.7325210571289,1.7088675498962402,80.31197357177734,78.14241790771484,2.1695430278778076
79.25887298583984,77.583984375,1.6748898029327393,80.69035339355469,78.4647445678711,2.225606679916382
79.15037536621094,77.45323944091797,1.6971288919448853,80.3817138671875,78.02655792236328,2.355159282684326
78.95785522460938,77.19944763183594,1.7584142684936523,80.23605346679688,77.87382507324219,2.3622310161590576
79.33199310302734,77.55535125732422,1.77664053440094,78.8982162475586,76.61002349853516,2.288191556930542
80.0302505493164,78.26922607421875,1.7610238790512085,79.48661041259766,77.1915054321289,2.2951066493988037
79.5811767578125,77.8033218383789,1.7778592109680176,79.42547607421875,77.11477661132812,2.310688018798828
79.56137084960938,77.78777313232422,1.773604154586792,79.86727905273438,77.6938705444336,2.1734097003936768
79.4086685180664,77.65045166015625,1.758215069770813,81.568115234375,79.540771484375,2.0273327827453613
78.85613250732422,77.12665557861328,1.7294721603393555,79.74910736083984,77.68084716796875,2.0682640075683594
79.26908111572266,77.55210876464844,1.7169675827026367,79.09671020507812,76.94877624511719,2.1479344367980957
79.48934936523438,77.74951934814453,1.7398383617401123,79.95889282226562,77.58157348632812,2.3773272037506104
78.92534637451172,77.11187744140625,1.8134692907333374,80.68470764160156,78.16960144042969,2.5150949954986572
79.13117980957031,77.25623321533203,1.8749463558197021,80.98458862304688,78.4205551147461,2.5640344619750977
79.48949432373047,77.61552429199219,1.8739737272262573,80.74772644042969,78.10668182373047,2.641050338745117
79.50633239746094,77.66138458251953,1.8449443578720093,79.87757873535156,77.27893829345703,2.598639488220215
79.42981719970703,77.62252807617188,1.8072885274887085,80.20919799804688,77.78840637207031,2.4207801818847656
79.27761840820312,77.50151062011719,1.7761152982711792,79.90791320800781,77.59204864501953,2.3158538341522217
79.0661392211914,77.3123550415039,1.7537930011749268,79.12710571289062,76.8028793334961,2.3242199420928955
79.3487548828125,77.56920623779297,1.779542326927185,79.97021484375,77.598876953125,2.3713443279266357
79.3884506225586,77.5313949584961,1.857050895690918,79.70417785644531,77.26744842529297,2.4367270469665527
79.49637603759766,77.61610412597656,1.880278468132019,80.4474868774414,77.75933074951172,2.688154697418213
79.59669494628906,77.73477172851562,1.8619173765182495,79.509033203125,76.47958374023438,3.0294530391693115
79.44287109375,77.63663482666016,1.8062297105789185,81.49398040771484,78.40182495117188,3.0921478271484375
79.5492935180664,77.78692626953125,1.7623732089996338,79.9899673461914,77.15815734863281,2.8318052291870117
79.20878601074219,77.45601654052734,1.7527635097503662,79.87171173095703,77.27392578125,2.5978035926818848
79.464111328125,77.68202209472656,1.7820913791656494,78.79678344726562,76.1591567993164,2.637634754180908
79.35183715820312,77.52383422851562,1.8280047178268433,79.45962524414062,76.74334716796875,2.716280698776245
79.20811462402344,77.37161254882812,1.836503505706787,80.24346160888672,77.59593963623047,2.6475276947021484
79.06876373291016,77.30595397949219,1.7628087997436523,79.77954864501953,77.40581512451172,2.373727321624756
79.10623168945312,77.39115905761719,1.7150752544403076,79.44766235351562,77.17183685302734,2.275829792022705
79.16006469726562,77.41432189941406,1.7457386255264282,79.81694793701172,77.54489135742188,2.2720634937286377
79.18846893310547,77.38309478759766,1.8053697347640991,79.7257308959961,77.31175231933594,2.4139864444732666
79.35798645019531,77.53105926513672,1.8269267082214355,78.99128723144531,76.55961608886719,2.431684970855713
79.00257110595703,77.21697235107422,1.785599708557129,79.072021484375,76.67654418945312,2.395484447479248
79.16610717773438,77.38690948486328,1.7791998386383057,80.3153305053711,77.79236602783203,2.5229692459106445
78.98682403564453,77.22125244140625,1.765570044517517,80.47102355957031,77.76834869384766,2.7026703357696533
79.61053466796875,77.80473327636719,1.8057962656021118,79.79976654052734,76.75093841552734,3.048821210861206
79.12608337402344,77.26837158203125,1.8577136993408203,79.01879119873047,76.02699279785156,2.991793394088745
79.0078353881836,77.19783782958984,1.8099968433380127,80.14730834960938,77.49057006835938,2.6567423343658447
79.01493835449219,77.23774719238281,1.7771953344345093,80.4072036743164,77.94754028320312,2.4596660137176514
78.8953628540039,77.11975860595703,1.7756025791168213,81.54756164550781,79.13522338867188,2.412341594696045
79.3839340209961,77.57079315185547,1.8131375312805176,79.32681274414062,76.72103881835938,2.6057746410369873
78.8465347290039,76.95895385742188,1.8875727653503418,79.24932098388672,76.40596008300781,2.843374013900757
79.37736511230469,77.44511413574219,1.9322590827941895,79.7443618774414,76.87385559082031,2.8705108165740967
79.25791931152344,77.32957458496094,1.9283338785171509,79.9600601196289,77.03076171875,2.9293110370635986
79.13579559326172,77.2619857788086,1.8738064765930176,79.31233978271484,76.23320007324219,3.0791337490081787
79.25786590576172,77.4326400756836,1.8252320289611816,80.0074691772461,76.78329467773438,3.2241711616516113
79.6250228881836,77.82276916503906,1.8022502660751343,80.13794708251953,76.91719055175781,3.2207605838775635
79.18946838378906,77.3906478881836,1.7988206148147583,80.99552154541016,77.74440002441406,3.2511229515075684
79.81351470947266,77.97940063476562,1.834123134613037,79.44938659667969,76.13987731933594,3.3095126152038574
78.91588592529297,77.0424575805664,1.8734354972839355,80.67897033691406,77.5080795288086,3.1708836555480957
79.010009765625,77.15645599365234,1.853553295135498,80.2333984375,77.41415405273438,2.8192453384399414
79.30854034423828,77.47968292236328,1.8288508653640747,80.91718292236328,78.34184265136719,2.5753345489501953
78.85661315917969,77.0587158203125,1.797896385192871,79.56066131591797,77.15088653564453,2.409769296646118
79.41368103027344,77.61964416503906,1.7940454483032227,79.69271087646484,77.20001983642578,2.4926974773406982
79.3446273803711,77.54230499267578,1.8023253679275513,79.29402923583984,76.81703186035156,2.4769961833953857
78.67822265625,76.88067626953125,1.797546625137329,79.404052734375,77.12598419189453,2.278076648712158
80.14645385742188,78.3337631225586,1.8126972913742065,78.2586669921875,75.896728515625,2.361936330795288
78.84908294677734,77.02262115478516,1.8264589309692383,81.08123779296875,78.75709533691406,2.324129819869995
79.34100341796875,77.53376007080078,1.8072503805160522,79.55582427978516,77.30228424072266,2.253539562225342
79.40052032470703,77.59739685058594,1.8031262159347534,79.98930358886719,77.7061767578125,2.283123731613159
79.19844055175781,77.3793716430664,1.819068193435669,80.32501220703125,77.74981689453125,2.5752031803131104
78.8977279663086,77.04509735107422,1.8526253700256348,81.029052734375,78.1983642578125,2.8306872844696045
79.39273834228516,77.4879379272461,1.9047967195510864,79.90177154541016,77.1755599975586,2.726210355758667
80.13184356689453,78.17745208740234,1.9543989896774292,79.9139404296875,77.03174591064453,2.8821802139282227
79.58407592773438,77.56888580322266,2.0151922702789307,79.40593719482422,76.47463989257812,2.9312922954559326
79.18842315673828,77.2352294921875,1.953187108039856,80.28156280517578,77.61566162109375,2.6659069061279297
78.87710571289062,77.05050659179688,1.8266007900238037,80.20172882080078,77.81680297851562,2.3849329948425293
79.23001861572266,77.46097564697266,1.7690349817276,79.72865295410156,77.25995635986328,2.4686877727508545
79.05709838867188,77.23784637451172,1.8192509412765503,79.44414520263672,76.66663360595703,2.7775115966796875
79.06991577148438,77.1672134399414,1.902699589729309,80.1286849975586,77.27472686767578,2.8539609909057617
79.3623275756836,77.4164047241211,1.9459166526794434,80.81417083740234,77.9041519165039,2.9100217819213867
80.19390869140625,78.21766662597656,1.9762446880340576,81.51158905029297,78.41259765625,3.098973512649536
78.74840545654297,76.79715728759766,1.9512419700622559,80.3572769165039,77.08997344970703,3.267289876937866
79.2845458984375,77.4449462890625,1.8396062850952148,80.51966857910156,77.2501449584961,3.269519090652466
79.71666717529297,77.8996353149414,1.817028284072876,79.69992065429688,76.55035400390625,3.149566411972046
78.9512710571289,77.11538696289062,1.8358842134475708,80.85789489746094,77.89960479736328,2.9582901000976562
78.8221206665039,76.99163818359375,1.8304805755615234,79.32199096679688,76.60973358154297,2.7122652530670166
79.3581771850586,77.58839416503906,1.7697829008102417,80.48348999023438,77.77977752685547,2.703711748123169
79.52967071533203,77.7669448852539,1.7627265453338623,78.85094451904297,76.21656036376953,2.6343870162963867
79.80113220214844,78.02092742919922,1.7801979780197144,79.43181610107422,76.86920166015625,2.5626161098480225
79.16114807128906,77.32829284667969,1.8328571319580078,80.07349395751953,77.61448669433594,2.459005832672119
79.0378646850586,77.22084045410156,1.817014217376709,80.40168762207031,78.0225601196289,2.379132032394409
78.98363494873047,77.18242645263672,1.8012043237686157,80.1346664428711,77.60444641113281,2.530219554901123
78.81678771972656,76.97843170166016,1.8383606672286987,80.29664611816406,77.642578125,2.65407133102417
78.87401580810547,76.99523162841797,1.8787895441055298,79.90223693847656,77.18668365478516,2.715548276901245
79.24358367919922,77.38357543945312,1.8600144386291504,80.21910858154297,77.6263656616211,2.5927515029907227
79.20327758789062,77.39520263671875,1.8080729246139526,81.19490814208984,78.78966522216797,2.405247211456299
78.71733856201172,76.93946838378906,1.7778695821762085,79.22970581054688,76.92536163330078,2.3043534755706787
79.27494049072266,77.45281982421875,1.822127103805542,78.72676086425781,76.24371337890625,2.483051300048828
79.0262451171875,77.16624450683594,1.8600046634674072,79.33148193359375,76.779052734375,2.5524322986602783
78.8196792602539,76.94330596923828,1.8763784170150757,79.8074722290039,77.36084747314453,2.4466264247894287
79.13191986083984,77.32256317138672,1.8093489408493042,78.91922760009766,76.67447662353516,2.244751214981079
79.61576080322266,77.85356140136719,1.7621899843215942,80.34027862548828,78.0914077758789,2.2488622665405273
79.01768493652344,77.2182846069336,1.7994022369384766,80.05322265625,77.7369384765625,2.3162901401519775
78.80545043945312,77.02555084228516,1.7798941135406494,79.21524810791016,76.88511657714844,2.3301286697387695
79.9331283569336,78.1565170288086,1.776605486869812,78.55382537841797,76.2409896850586,2.3128421306610107
79.34603118896484,77.48490905761719,1.861108422279358,81.49308013916016,79.1297607421875,2.3633224964141846
79.4695053100586,77.57295989990234,1.8965425491333008,79.81525421142578,77.19863891601562,2.616612672805786
79.3665771484375,77.50472259521484,1.8618515729904175,79.82701110839844,77.02281188964844,2.8042006492614746
79.05825805664062,77.20230102539062,1.8559589385986328,81.367431640625,78.56083679199219,2.8065807819366455
78.59165954589844,76.77030181884766,1.8213557004928589,79.88909912109375,77.07816314697266,2.8109352588653564
79.26566314697266,77.51528930664062,1.7503782510757446,80.05894470214844,77.37841033935547,2.6805338859558105
78.85603332519531,77.09809112548828,1.7579443454742432,80.37967681884766,77.79175567626953,2.5879194736480713
79.6672592163086,77.80319213867188,1.864075779914856,80.20336151123047,77.32637023925781,2.8769867420196533
79.81088256835938,77.79901123046875,2.0118789672851562,81.17477416992188,78.2752685546875,2.899503231048584
79.3680648803711,77.3738021850586,1.9942635297775269,80.39542388916016,77.7868881225586,2.6085400581359863
79.45899963378906,77.59544372558594,1.8635528087615967,80.67730712890625,77.9836196899414,2.693686008453369
79.49720001220703,77.68199157714844,1.8152155876159668,80.66412353515625,77.71381378173828,2.9503133296966553
78.8100814819336,76.96912384033203,1.8409498929977417,80.27571868896484,77.12903594970703,3.1466877460479736
79.31021881103516,77.4051742553711,1.9050489664077759,79.70870208740234,76.75574493408203,2.952969551086426
79.41741943359375,77.48433685302734,1.9330874681472778,79.75242614746094,77.23673248291016,2.5156960487365723
79.3501968383789,77.43932342529297,1.910873532295227,78.13815307617188,75.6998062133789,2.438342809677124
79.47136688232422,77.55691528320312,1.914446473121643,79.94297790527344,77.54255676269531,2.400418996810913
79.0423583984375,77.1379623413086,1.9043996334075928,80.64134979248047,78.20146179199219,2.439885139465332
79.45625305175781,77.59541320800781,1.8608384132385254,79.52739715576172,76.9986801147461,2.5287156105041504
78.7972412109375,76.96109008789062,1.8361562490463257,79.50713348388672,76.9793701171875,2.5277678966522217
79.71607971191406,77.89226531982422,1.823806881904602,80.27183532714844,77.70503234863281,2.5667998790740967
79.24398040771484,77.42428588867188,1.8197026252746582,80.5529556274414,77.94856262207031,2.6043965816497803
79.76136779785156,77.95658874511719,1.8047782182693481,79.29869079589844,76.55784606933594,2.740837335586548
79.28230285644531,77.4820327758789,1.8002723455429077,78.33943176269531,75.3766860961914,2.962742567062378
79.1521224975586,77.32305908203125,1.829065203666687,80.18850708007812,76.88306427001953,3.3054380416870117
79.43046569824219,77.56399536132812,1.866459608078003,80.71501922607422,77.51812744140625,3.1968979835510254
79.28697204589844,77.39653015136719,1.8904345035552979,80.93132019042969,77.88741302490234,3.0439095497131348
78.85813903808594,76.99286651611328,1.8652695417404175,80.0556411743164,76.93397521972656,3.1216695308685303
79.16117858886719,77.3007583618164,1.8604110479354858,78.86543273925781,75.7898178100586,3.0756139755249023
79.57833099365234,77.6720199584961,1.906314730644226,80.20494842529297,77.19591522216797,3.009035110473633
79.08856964111328,77.14105224609375,1.9475123882293701,80.16278839111328,77.29633331298828,2.866457223892212
79.33755493164062,77.4095458984375,1.9280108213424683,79.71669006347656,77.21986389160156,2.496830940246582
79.28653717041016,77.38280487060547,1.9037357568740845,79.78501892089844,77.26408386230469,2.5209362506866455
78.6187744140625,76.74665832519531,1.8721247911453247,79.50970458984375,76.99420166015625,2.5155110359191895
79.29034423828125,77.42508697509766,1.865249514579773,78.86323547363281,76.25086975097656,2.6123673915863037
78.92507934570312,77.00070190429688,1.9243780374526978,79.94551849365234,77.41609954833984,2.52941632270813
79.59033966064453,77.66841888427734,1.9219286441802979,80.7997055053711,78.36369323730469,2.436009407043457
79.50173950195312,77.56867218017578,1.9330594539642334,80.86621856689453,78.14422607421875,2.7219927310943604
79.14208221435547,77.1812515258789,1.9608314037322998,79.22587585449219,76.4188461303711,2.8070261478424072
79.80156707763672,77.830078125,1.9714869260787964,80.86444091796875,78.01875305175781,2.8456857204437256
79.00691986083984,77.05209350585938,1.9548227787017822,78.84777069091797,75.81454467773438,3.033230781555176
79.17459869384766,77.31278228759766,1.8618254661560059,80.84233856201172,77.98176574707031,2.860574722290039
79.18429565429688,77.30672454833984,1.8775696754455566,79.78257751464844,76.84076690673828,2.94181227684021
79.36329650878906,77.36956024169922,1.993736743927002,79.45519256591797,76.55867004394531,2.8965256214141846
79.23907470703125,77.1993637084961,2.0396995544433594,79.62493896484375,76.534423828125,3.090527057647705
78.70575714111328,76.70755004882812,1.9982059001922607,80.27547454833984,77.28755187988281,2.9879276752471924
79.56398010253906,77.63577270507812,1.9282169342041016,79.38465881347656,76.37849426269531,3.006157875061035
79.21119689941406,77.28203582763672,1.9291574954986572,78.86209106445312,75.93364715576172,2.9284465312957764
79.005859375,77.08656311035156,1.9192960262298584,80.30270385742188,77.36488342285156,2.93782114982605
79.58106994628906,77.67202758789062,1.9090296030044556,79.07991790771484,75.57621002197266,3.503706216812134
79.44964599609375,77.50020599365234,1.9494414329528809,79.69898223876953,76.63896179199219,3.0600180625915527
78.78763580322266,76.79208374023438,1.9955518245697021,80.65475463867188,77.61583709716797,3.0389316082000732
79.32799530029297,77.34052276611328,1.9874695539474487,79.67211151123047,76.35816955566406,3.3139376640319824
78.90371704101562,76.88595581054688,2.017763376235962,80.30123901367188,77.28790283203125,3.0133368968963623
79.14938354492188,77.13395690917969,2.015418529510498,80.52674102783203,77.70973205566406,2.8170087337493896
78.99595642089844,76.98910522460938,2.0068464279174805,79.6374740600586,77.12480926513672,2.5126614570617676
79.43242645263672,77.45648193359375,1.9759377241134644,79.40213012695312,76.90484619140625,2.4972777366638184
78.89241790771484,76.95747375488281,1.9349424839019775,80.25050354003906,77.879638671875,2.370854377746582
79.1241226196289,77.19148254394531,1.9326378107070923,81.21758270263672,78.73534393310547,2.482240915298462
79.2981185913086,77.30071258544922,1.9974116086959839,80.14875793457031,76.05654907226562,4.092212200164795
79.12177276611328,77.04057312011719,2.0811970233917236,81.45785522460938,76.4032211303711,5.054636001586914
78.75675201416016,76.60686492919922,2.1498842239379883,79.10723114013672,74.57780456542969,4.529437065124512
79.203369140625,77.07296752929688,2.1304075717926025,80.58837127685547,76.24301147460938,4.345345497131348
79.0820083618164,76.9969482421875,2.0850582122802734,80.58131408691406,76.78990936279297,3.7913997173309326
78.56902313232422,76.52364349365234,2.0453922748565674,79.59263610839844,76.09077453613281,3.5018556118011475
78.5640869140625,76.56564331054688,1.9984476566314697,80.08258056640625,76.08442687988281,3.9981634616851807
79.2415771484375,77.18573760986328,2.0558431148529053,80.7648696899414,76.66766357421875,4.097207069396973
78.778076171875,76.68254089355469,2.095541477203369,78.70431518554688,75.20010375976562,3.5042126178741455
78.86912536621094,76.80423736572266,2.064887762069702,79.39888763427734,76.63446044921875,2.7644286155700684
79.36644744873047,77.31897735595703,2.0474722385406494,80.51629638671875,78.01549530029297,2.500798463821411
79.68894958496094,77.57755279541016,2.1113922595977783,79.04280853271484,76.3779525756836,2.664855718612671
79.475341796875,77.27715301513672,2.198195219039917,81.07304382324219,78.14321899414062,2.929826259613037
78.99197387695312,76.81319427490234,2.178785800933838,79.69801330566406,76.72343444824219,2.9745821952819824
79.16996765136719,77.02742767333984,2.142530918121338,80.09064483642578,76.92981719970703,3.160822629928589
79.25436401367188,77.0765609741211,2.1778087615966797,78.87925720214844,74.82179260253906,4.057454586029053
79.16609954833984,76.93463134765625,2.231468439102173,80.37620544433594,75.91160583496094,4.464603900909424
79.1283950805664,76.90463256835938,2.223761558532715,79.93496704101562,76.34260559082031,3.59236478805542
78.79645538330078,76.56279754638672,2.2336509227752686,79.37181091308594,76.731201171875,2.640613079071045
78.3508529663086,76.16981506347656,2.1810309886932373,78.28230285644531,75.90342712402344,2.378866672515869
78.9593734741211,76.79893493652344,2.1604413986206055,80.42900085449219,77.87548065185547,2.553522825241089
78.9305419921875,76.80628204345703,2.1242620944976807,80.14716339111328,77.57953643798828,2.567624092102051
78.6070785522461,76.53194427490234,2.0751192569732666,78.32083892822266,75.53126525878906,2.78957462310791
79.18067932128906,77.09947204589844,2.081207752227783,80.02046966552734,76.96503448486328,3.055431842803955
79.3582534790039,77.2107925415039,2.147465229034424,77.68950653076172,74.42860412597656,3.260909080505371
79.0571517944336,76.81581115722656,2.241342544555664,80.69926452636719,76.26851654052734,4.4307541847229
79.04729461669922,76.83016204833984,2.217118978500366,80.09940338134766,76.1958236694336,3.903568983078003
78.81561279296875,76.59622955322266,2.2193844318389893,79.78822326660156,76.22999572753906,3.5582244396209717
79.00862884521484,76.80931091308594,2.1993300914764404,78.96114349365234,75.63324737548828,3.327890634536743
79.27349853515625,77.12977600097656,2.1437230110168457,79.84711456298828,76.99128723144531,2.8558237552642822
78.67864227294922,76.51934051513672,2.15930438041687,79.6929931640625,77.0499038696289,2.643087148666382
79.14418029785156,76.9520034790039,2.1921770572662354,79.24199676513672,76.19730377197266,3.0446951389312744
78.94174194335938,76.67029571533203,2.2714433670043945,79.42334747314453,75.46414184570312,3.9592175483703613
78.61664581298828,76.36002349853516,2.2566277980804443,80.28935241699219,75.64647674560547,4.6428751945495605
79.238525390625,76.9338607788086,2.3046743869781494,82.015380859375,76.00444030761719,6.0109429359436035
79.01403045654297,76.62672424316406,2.387312412261963,80.6516342163086,74.86005401611328,5.791586399078369
79.22161865234375,76.78866577148438,2.432950019836426,80.86604309082031,76.1061782836914,4.759863376617432
78.3054428100586,75.87905883789062,2.4263832569122314,79.7022933959961,75.7129898071289,3.9893124103546143
78.88579559326172,76.4781265258789,2.40766978263855,79.68948364257812,76.80085754394531,2.88863205909729
78.99407958984375,76.66299438476562,2.3310816287994385,79.36425018310547,76.06158447265625,3.3026607036590576
79.06993865966797,76.76782989501953,2.302109956741333,80.180419921875,76.41630554199219,3.7641162872314453
78.7278823852539,76.41091918945312,2.3169682025909424,80.02564239501953,76.96281433105469,3.0628254413604736
78.9165267944336,76.57135009765625,2.345174789428711,79.23135375976562,75.09165954589844,4.139700889587402
78.95072174072266,76.52470397949219,2.4260237216949463,82.77046966552734,77.57444763183594,5.196025371551514
78.49319458007812,76.0541763305664,2.439013719558716,78.87020111083984,75.11295318603516,3.757242202758789
78.73696899414062,76.43287658691406,2.304091215133667,78.31034851074219,75.44195556640625,2.868396043777466
79.3539047241211,77.03782653808594,2.316087245941162,79.85202026367188,76.03422546386719,3.8177902698516846
78.70672607421875,76.3057632446289,2.400961399078369,79.8685302734375,75.48628234863281,4.382246971130371
78.49718475341797,76.01580810546875,2.481384515762329,80.14302062988281,75.73989868164062,4.403122425079346
79.12792205810547,76.65692901611328,2.47098445892334,80.18338012695312,75.565185546875,4.618184566497803
78.9657211303711,76.51107788085938,2.4546475410461426,79.62519836425781,74.95233154296875,4.672869682312012
79.45262908935547,76.96774291992188,2.4848792552948,80.57331848144531,75.85850524902344,4.714807987213135
78.87422180175781,76.35379028320312,2.5204222202301025,80.4281234741211,76.26449584960938,4.1636223793029785
78.40888214111328,75.86556243896484,2.543306589126587,80.74615478515625,77.19776916503906,3.5483736991882324
78.69876861572266,76.2884750366211,2.4102795124053955,79.12017059326172,76.2313461303711,2.888812303543091
78.8021011352539,76.37957000732422,2.422532558441162,79.45870208740234,76.51368713378906,2.9450128078460693
78.7449722290039,76.2464828491211,2.4984896183013916,79.4712905883789,76.11865997314453,3.3526296615600586
79.08734893798828,76.51216125488281,2.5751888751983643,80.07821655273438,75.92041015625,4.157797336578369
79.38058471679688,76.74691009521484,2.633676528930664,80.3074951171875,76.15135955810547,4.156134605407715
78.9052963256836,76.30327606201172,2.6020286083221436,78.32743835449219,74.87274169921875,3.4547078609466553
78.51763916015625,75.99175262451172,2.5258824825286865,78.99610900878906,75.6764907836914,3.319601535797119
78.90381622314453,76.39444732666016,2.5093674659729004,79.255859375,75.75289154052734,3.5029706954956055
79.04024505615234,76.4430160522461,2.5972397327423096,80.18817138671875,75.96851348876953,4.2196574211120605
79.03117370605469,76.30725860595703,2.7239155769348145,80.6756362915039,75.67930603027344,4.996334075927734
79.32489776611328,76.60202026367188,2.7228856086730957,80.8963851928711,76.18534088134766,4.711040496826172
77.95858001708984,75.37503814697266,2.583540916442871,80.33382415771484,76.29826354980469,4.035555839538574
79.00312805175781,76.49507904052734,2.5080578327178955,79.10563659667969,75.79473114013672,3.310908317565918
79.1055679321289,76.55825805664062,2.54729962348938,78.59146118164062,75.28121948242188,3.3102352619171143
79.58106231689453,76.92694854736328,2.6541123390197754,78.42787170410156,75.2529525756836,3.1749207973480225
78.2839584350586,75.61015319824219,2.6738083362579346,79.69306945800781,76.4677963256836,3.225276470184326
78.37056732177734,75.76484680175781,2.6057209968566895,78.64212036132812,75.49755859375,3.144566774368286
78.97515106201172,76.3872299194336,2.5879220962524414,80.9075698852539,77.57843017578125,3.3291268348693848
79.2352066040039,76.59646606445312,2.638747215270996,79.88597869873047,76.24176025390625,3.644217014312744
79.02076721191406,76.3502426147461,2.6705288887023926,80.22504425048828,76.23664093017578,3.9883973598480225
78.73473358154297,76.08641815185547,2.6483154296875,80.90859985351562,76.70233154296875,4.20626974105835
79.16985321044922,76.53449249267578,2.635350227355957,80.09968566894531,75.93647003173828,4.163214206695557
78.92838287353516,76.32811737060547,2.600267171859741,79.85893249511719,76.01663208007812,3.842303991317749
78.84663391113281,76.27576446533203,2.570871591567993,80.65657043457031,76.93515014648438,3.7214250564575195
78.90196228027344,76.30693817138672,2.5950331687927246,80.08867645263672,75.95850372314453,4.130162715911865
78.69365692138672,76.05665588378906,2.6369974613189697,78.89346313476562,74.8587875366211,4.034680366516113
79.06043243408203,76.37738037109375,2.683060884475708,79.17830657958984,75.88003540039062,3.2982659339904785
79.34848022460938,76.68199157714844,2.666492462158203,79.11979675292969,75.76116180419922,3.3586387634277344
79.01437377929688,76.33109283447266,2.683295249938965,79.11376953125,74.96697235107422,4.146794319152832
78.74539184570312,76.08939361572266,2.656006336212158,79.6170654296875,75.6161117553711,4.000950336456299
79.14176940917969,76.52725219726562,2.6145262718200684,77.94680786132812,74.63038635253906,3.316420078277588
79.17322540283203,76.56050872802734,2.6127145290374756,79.0745620727539,75.64366912841797,3.430891513824463
79.29122924804688,76.64891052246094,2.642314910888672,80.23221588134766,76.87533569335938,3.3568687438964844
79.14599609375,76.5241470336914,2.6218504905700684,80.03768920898438,76.83724212646484,3.2004435062408447
78.85620880126953,76.28612518310547,2.570082664489746,79.47822570800781,76.31979370117188,3.1584415435791016
78.99246215820312,76.45085906982422,2.541595697402954,77.61099243164062,74.45110321044922,3.159891366958618
78.72341918945312,76.14125061035156,2.5821642875671387,79.0844497680664,75.8725357055664,3.2119100093841553
79.16771697998047,76.48646545410156,2.6812424659729004,79.5489273071289,76.16831970214844,3.380610704421997
78.9066162109375,76.21894836425781,2.6876697540283203,79.73117065429688,76.01425170898438,3.716912031173706
78.9742202758789,76.33023834228516,2.64397931098938,78.09474182128906,74.513671875,3.5810604095458984
78.57067108154297,75.92559051513672,2.6450841426849365,79.55777740478516,76.00274658203125,3.5550365447998047
78.90081787109375,76.24232482910156,2.658496379852295,79.26728057861328,75.2302017211914,4.037076473236084
78.47684478759766,75.80842590332031,2.6684229373931885,79.83856964111328,75.87509155273438,3.963470220565796
78.51276397705078,75.89028930664062,2.622485399246216,79.72395324707031,76.44295501708984,3.2809956073760986
79.0383529663086,76.45134735107422,2.587005853652954,79.85234832763672,76.6952896118164,3.1570584774017334
79.34431457519531,76.71492004394531,2.629394292831421,78.2049789428711,74.63339233398438,3.5715816020965576
79.0402603149414,76.25689697265625,2.78336501121521,80.32050323486328,76.2995376586914,4.02096700668335
79.44590759277344,76.6472396850586,2.798672676086426,78.94361877441406,75.61454772949219,3.3290627002716064
79.22816467285156,76.52235412597656,2.7058162689208984,78.39984893798828,75.62919616699219,2.7706665992736816
78.63607788085938,76.0120849609375,2.623997688293457,79.74239349365234,77.17388916015625,2.5685043334960938
78.79084014892578,76.20685577392578,2.583987236022949,80.21688842773438,77.12939453125,3.0874991416931152
78.94361877441406,76.31659698486328,2.6270179748535156,79.81534576416016,76.39006042480469,3.4252893924713135
78.56265258789062,75.91928100585938,2.6433634757995605,79.35086822509766,75.947265625,3.403599977493286
78.63439178466797,75.94901275634766,2.6853814125061035,79.38411712646484,75.36182403564453,4.02228307723999
78.90350341796875,76.1937255859375,2.7097785472869873,80.59268951416016,76.35581970214844,4.236870288848877
78.61907196044922,75.9159927368164,2.703076124191284,79.28582000732422,75.46743774414062,3.818376064300537
78.57270050048828,75.86015319824219,2.712554693222046,79.00521850585938,75.74258422851562,3.262643337249756
78.62469482421875,75.94669342041016,2.677992105484009,78.90272521972656,75.67363739013672,3.2290923595428467
79.70775604248047,76.99871826171875,2.7090275287628174,79.70841217041016,76.25968933105469,3.448718547821045
78.65194702148438,75.92491912841797,2.727029323577881,80.00163269042969,76.32450103759766,3.6771328449249268
78.5383071899414,75.79894256591797,2.739375114440918,81.85919952392578,78.2598648071289,3.5993316173553467
78.25067138671875,75.53749084472656,2.7131760120391846,79.42169189453125,76.08319091796875,3.3385069370269775
78.90001678466797,76.23460388183594,2.6654231548309326,78.79609680175781,75.769287109375,3.0268032550811768
78.86217498779297,76.18384552001953,2.6783316135406494,80.24172973632812,77.23229217529297,3.009446144104004
79.13069915771484,76.47781372070312,2.6528828144073486,80.31737518310547,77.2516860961914,3.0656914710998535
78.6855239868164,76.02344512939453,2.662074327468872,80.40829467773438,77.33770751953125,3.070584774017334
79.19207763671875,76.52973175048828,2.662339687347412,78.82923889160156,75.86089324951172,2.9683432579040527
79.3328857421875,76.67337036132812,2.6595215797424316,79.32059478759766,75.95532989501953,3.3652701377868652
79.21817779541016,76.45936584472656,2.7588024139404297,79.114501953125,75.04875183105469,4.0657429695129395
78.91973876953125,76.14662170410156,2.773109197616577,80.17565155029297,76.20709991455078,3.9685521125793457
79.12947082519531,76.43170928955078,2.6977691650390625,78.8391342163086,75.13677978515625,3.7023563385009766
78.2198715209961,75.4800033569336,2.7398734092712402,80.06303405761719,76.41429138183594,3.6487441062927246
78.85032653808594,76.03996276855469,2.810361862182617,78.72708892822266,74.90221405029297,3.8248791694641113
78.93152618408203,76.15628814697266,2.77523136138916,79.53169250488281,75.43840789794922,4.093289375305176
78.80778503417969,76.02233123779297,2.7854537963867188,80.97712707519531,76.97135162353516,4.005780220031738
78.6739501953125,75.89105987548828,2.7828845977783203,78.66455078125,74.99311065673828,3.671419143676758
78.96835327148438,76.16561126708984,2.802739143371582,78.86739349365234,75.15050506591797,3.7168805599212646
78.6833267211914,75.88117218017578,2.8021576404571533,78.86946105957031,75.3328628540039,3.536602735519409
78.50404357910156,75.7504653930664,2.753577947616577,79.2620620727539,75.96939849853516,3.2926628589630127
79.07990264892578,76.32942962646484,2.7504799365997314,80.28617858886719,76.6546859741211,3.631485939025879
78.25453186035156,75.48824310302734,2.7662906646728516,80.01287841796875,76.1069564819336,3.9059219360351562
78.98435974121094,76.21389770507812,2.770470380783081,79.86054229736328,76.04923248291016,3.811310291290283
79.13140106201172,76.35575866699219,2.775641679763794,79.8984375,76.54527282714844,3.353161096572876
79.28350830078125,76.52806854248047,2.7554309368133545,79.04656219482422,75.89277648925781,3.153787612915039
79.1056137084961,76.32363891601562,2.7819647789001465,79.84552764892578,76.6109619140625,3.234553575515747
79.05937194824219,76.22357940673828,2.835777997970581,79.56410217285156,76.25907897949219,3.3050217628479004
78.85379791259766,76.01493835449219,2.838869094848633,79.36614990234375,76.14369201660156,3.2224459648132324
78.5167465209961,75.68035125732422,2.8363845348358154,78.4060287475586,75.2031478881836,3.2028744220733643
78.28016662597656,75.52603912353516,2.754112958908081,78.9100570678711,75.47587585449219,3.4341812133789062
78.3172378540039,75.60438537597656,2.7128636837005615,80.00177764892578,76.61848449707031,3.383286476135254
78.86717987060547,76.18683624267578,2.6803407669067383,80.16844940185547,77.0298080444336,3.1386237144470215
79.09931945800781,76.41348266601562,2.6858303546905518,79.17321014404297,75.6446304321289,3.5285911560058594
78.93840026855469,76.18211364746094,2.7562875747680664,78.92436981201172,75.1444320678711,3.7799370288848877
79.06409454345703,76.2916030883789,2.7724862098693848,81.37049865722656,77.7461929321289,3.6243069171905518
79.01426696777344,76.32897186279297,2.6852993965148926,79.06571960449219,75.71634674072266,3.3493618965148926
79.36433410644531,76.70323944091797,2.661097526550293,79.67249298095703,76.28890991210938,3.383582592010498
78.62834930419922,75.88479614257812,2.7435433864593506,79.48741912841797,75.91121673583984,3.5762016773223877
78.8613510131836,76.1532974243164,2.708059787750244,80.40585327148438,76.69033813476562,3.715507745742798
79.48995971679688,76.79234313964844,2.6976242065429688,79.84905242919922,76.41285705566406,3.4361751079559326
78.30579376220703,75.57447052001953,2.7313172817230225,80.95851135253906,77.71633911132812,3.2421631813049316
79.26882934570312,76.6142807006836,2.654552936553955,78.95594787597656,75.44457244873047,3.5113773345947266
78.86906433105469,76.21469116210938,2.654367685317993,79.84239959716797,76.27666473388672,3.565721273422241
78.84180450439453,76.12960815429688,2.712191343307495,79.09823608398438,75.73529815673828,3.3629302978515625
79.37333679199219,76.66155242919922,2.711787223815918,78.98995971679688,75.79125213623047,3.19871187210083
78.87837982177734,76.16415405273438,2.714224338531494,79.6469955444336,76.34516906738281,3.3018407821655273
79.00409698486328,76.26298522949219,2.7411160469055176,79.48320007324219,76.33863830566406,3.144568681716919
78.77552032470703,76.00804138183594,2.7674806118011475,79.53229522705078,76.16767120361328,3.3646163940429688
79.01615905761719,76.2283706665039,2.787799835205078,81.24366760253906,77.67534637451172,3.5683207511901855
79.2864990234375,76.51652526855469,2.7699759006500244,79.12906646728516,75.67379760742188,3.4552741050720215
78.88091278076172,76.1290512084961,2.7518584728240967,79.02272033691406,75.72415161132812,3.298567295074463
78.97237396240234,76.24028015136719,2.7320847511291504,79.44876861572266,76.31655883789062,3.1322104930877686
79.00666809082031,76.26141357421875,2.7452609539031982,81.43331909179688,78.31001281738281,3.123321294784546
78.92876434326172,76.19216918945312,2.736605405807495,79.33114624023438,75.94267272949219,3.3884708881378174
78.65493774414062,75.86502075195312,2.7898943424224854,80.78152465820312,76.7783432006836,4.0031867027282715
79.12848663330078,76.32862091064453,2.7998626232147217,78.8272476196289,74.70747375488281,4.119764804840088
78.32401275634766,75.54814147949219,2.7758567333221436,78.94815063476562,75.11775207519531,3.830409288406372
79.16683197021484,76.4375228881836,2.7293059825897217,78.36083984375,74.9461898803711,3.414646863937378
78.71905517578125,75.97540283203125,2.743654251098633,79.81735229492188,76.36278533935547,3.4545631408691406
78.84488677978516,76.151123046875,2.6937592029571533,78.97572326660156,75.66065216064453,3.3150646686553955
79.08197784423828,76.4111099243164,2.670863151550293,77.67192840576172,74.358642578125,3.313279390335083
78.52132415771484,75.78675079345703,2.734579086303711,78.73660278320312,75.22439575195312,3.512202501296997
78.90129852294922,76.15530395507812,2.745997428894043,79.99482727050781,76.49830627441406,3.49651837348938
78.60063934326172,75.84369659423828,2.7569408416748047,79.12445068359375,76.03734588623047,3.0870983600616455
78.64862823486328,75.924560546875,2.7240781784057617,79.29837036132812,76.12471771240234,3.1736526489257812
78.8669662475586,76.18358612060547,2.683387041091919,79.97704315185547,76.79100799560547,3.1860272884368896
79.17575073242188,76.49497985839844,2.6807711124420166,80.3121566772461,76.8839111328125,3.4282424449920654
79.01557922363281,76.28230285644531,2.7332699298858643,79.5265884399414,75.42872619628906,4.097867012023926
79.03598022460938,76.23969268798828,2.7962749004364014,80.17668151855469,76.29737854003906,3.879305601119995
78.66709899902344,75.90019989013672,2.7668933868408203,80.20331573486328,76.31395721435547,3.889362096786499
78.91263580322266,76.13262176513672,2.7800211906433105,79.68806457519531,75.78193664550781,3.906130313873291
78.47522735595703,75.71310424804688,2.76212215423584,79.37403869628906,75.57343292236328,3.80059552192688
78.69733428955078,75.955078125,2.7422597408294678,80.1589584350586,76.88330841064453,3.275651693344116
79.481689453125,76.83145141601562,2.650235652923584,79.30387878417969,76.034912109375,3.268970251083374
78.64576721191406,75.95718383789062,2.688584804534912,79.32687377929688,75.71818542480469,3.6086971759796143
79.0761947631836,76.33480072021484,2.7413907051086426,78.26789855957031,74.19548797607422,4.072416305541992
78.92164611816406,76.04783630371094,2.8738105297088623,79.28559875488281,75.06080627441406,4.224796295166016
79.0593032836914,76.13402557373047,2.925276041030884,80.40435791015625,75.8023452758789,4.602006912231445
79.09090423583984,76.159912109375,2.9309871196746826,81.40043640136719,76.7133560180664,4.687084674835205
79.15918731689453,76.25846862792969,2.900719404220581,80.21823120117188,75.53112030029297,4.68710994720459
78.94770812988281,76.10859680175781,2.8391146659851074,80.04596710205078,75.5996322631836,4.446338653564453
78.3498764038086,75.55754089355469,2.792337417602539,80.3634033203125,76.00648498535156,4.356926918029785
78.91893768310547,76.13319396972656,2.785742998123169,81.93936920166016,77.5721206665039,4.367254734039307
78.45868682861328,75.6530990600586,2.805586338043213,79.37010192871094,75.17327117919922,4.1968302726745605
79.04374694824219,76.26820373535156,2.775547742843628,79.07330322265625,75.08184814453125,3.991453170776367
78.31573486328125,75.54436492919922,2.7713699340820312,79.40166473388672,75.8345718383789,3.5671045780181885
78.66529083251953,75.94806671142578,2.7172162532806396,79.66346740722656,76.30420684814453,3.3592586517333984
78.97504425048828,76.24038696289062,2.7346510887145996,78.83032989501953,75.24229431152344,3.588036298751831
78.63447570800781,75.85604858398438,2.7784276008605957,79.40678405761719,75.6774673461914,3.729306697845459
79.01988220214844,76.23102569580078,2.7888574600219727,79.36561584472656,75.74385070800781,3.621757984161377
78.25926971435547,75.47167205810547,2.7875959873199463,80.10253143310547,76.5155258178711,3.587007522583008
78.8987045288086,76.15640258789062,2.742298126220703,78.2464599609375,74.75650787353516,3.489954710006714
78.74272155761719,76.04923248291016,2.693485736846924,79.9818344116211,76.71466827392578,3.267172336578369
79.4887466430664,76.76921081542969,2.719534397125244,80.2110366821289,76.93468475341797,3.276344060897827
79.08660125732422,76.27251434326172,2.814091205596924,78.4493179321289,75.15139770507812,3.2979156970977783
79.08238983154297,76.20018768310547,2.8822085857391357,79.4096450805664,75.95423889160156,3.455392599105835
79.44677734375,76.58344268798828,2.8633310794830322,79.28487396240234,75.77080535888672,3.5140633583068848
78.79690551757812,75.92739868164062,2.8695144653320312,80.29608154296875,76.80503845214844,3.4910407066345215
79.1115951538086,76.2205581665039,2.8910388946533203,79.473388671875,76.0828628540039,3.3905303478240967
78.70240020751953,75.83305358886719,2.8693528175354004,80.10831451416016,76.74027252197266,3.368051052093506
78.92892456054688,76.07376861572266,2.8551483154296875,79.2303695678711,76.05367279052734,3.176687240600586
79.01118469238281,76.17276763916016,2.8384130001068115,79.46918487548828,76.39205932617188,3.0771212577819824
78.7645034790039,75.93893432617188,2.825575590133667,80.66463470458984,77.48880004882812,3.1758265495300293
78.87309265136719,76.0544662475586,2.818638324737549,79.73079681396484,76.62892150878906,3.1018807888031006
78.43096160888672,75.63350677490234,2.7974538803100586,78.71106719970703,75.87547302246094,2.835602283477783
78.79495239257812,76.04722595214844,2.747727632522583,79.242431640625,76.29736328125,2.945067882537842
78.89553833007812,76.12297821044922,2.7725532054901123,79.36796569824219,76.17611694335938,3.191852331161499
78.73451232910156,75.94344329833984,2.79107666015625,79.19634246826172,75.88468933105469,3.311647415161133
78.6863784790039,75.9204330444336,2.765939950942993,78.36377716064453,74.83154296875,3.5322420597076416
79.12686157226562,76.36775207519531,2.7591142654418945,80.08197021484375,76.40665435791016,3.67531156539917
78.92752838134766,76.10647583007812,2.821046829223633,79.6580810546875,76.01752471923828,3.640542507171631
78.73536682128906,75.8909912109375,2.8443679809570312,79.48690032958984,75.66727447509766,3.8196303844451904
79.19633483886719,76.3037338256836,2.8926022052764893,80.65168762207031,76.31307220458984,4.338625431060791
78.78694915771484,75.8634033203125,2.923541784286499,79.62026977539062,75.5145492553711,4.105725288391113
78.48041534423828,75.65157318115234,2.828838586807251,79.05350494384766,75.51227569580078,3.5412163734436035
78.79619598388672,76.05304718017578,2.7431540489196777,78.59505462646484,75.11912536621094,3.4759254455566406
79.13739776611328,76.36669921875,2.7707011699676514,79.33395385742188,75.8111572265625,3.522787570953369
78.54380798339844,75.77615356445312,2.7676467895507812,79.76395416259766,76.27891540527344,3.4850478172302246
78.40725708007812,75.6263427734375,2.78092098236084,78.76991271972656,75.36683654785156,3.4030685424804688
79.16840362548828,76.41568756103516,2.752711296081543,79.2752914428711,75.8567886352539,3.418504238128662
78.7182846069336,75.95012664794922,2.7681689262390137,80.23310852050781,76.63375854492188,3.5993566513061523
78.97146606445312,76.1877212524414,2.783738613128662,78.72492980957031,75.09149932861328,3.633439302444458
78.8210678100586,76.07101440429688,2.7500524520874023,79.01848602294922,75.72406005859375,3.294426918029785
79.25005340576172,76.54719543457031,2.7028591632843018,78.76630401611328,75.49024200439453,3.276055097579956
79.08159637451172,76.3653793334961,2.716221570968628,78.21597290039062,74.50667572021484,3.709293842315674
78.47747802734375,75.68667602539062,2.7907958030700684,80.6489028930664,76.87464904785156,3.77425217628479
79.31813049316406,76.52754974365234,2.790578603744507,80.19081115722656,76.41960144042969,3.7712109088897705
78.82666015625,76.02352142333984,2.803142786026001,80.61898040771484,77.0849380493164,3.534046173095703
79.06275939941406,76.28730010986328,2.7754597663879395,78.9428482055664,75.64264678955078,3.300198793411255
79.20919799804688,76.47257995605469,2.7366108894348145,79.0265121459961,75.67228698730469,3.354241371154785
78.86087036132812,76.07777404785156,2.7830982208251953,78.8876953125,75.47920227050781,3.408494472503662
79.32841491699219,76.52666473388672,2.8017516136169434,78.92243194580078,75.33387756347656,3.588554620742798
78.53179931640625,75.74840545654297,2.7833924293518066,79.35680389404297,75.84075927734375,3.5160396099090576
78.46583557128906,75.7299575805664,2.7358815670013428,80.16683959960938,76.84126281738281,3.3255813121795654
79.52054595947266,76.78559875488281,2.7349493503570557,79.12393951416016,75.77705383300781,3.3468947410583496
78.8913345336914,76.07704162597656,2.814286708831787,79.4156265258789,75.63371276855469,3.781916618347168
78.88400268554688,76.02530670166016,2.8586995601654053,78.68305969238281,74.57083129882812,4.112228870391846
78.79560852050781,75.95951080322266,2.83609676361084,79.08045959472656,75.18907928466797,3.8913776874542236
78.8004150390625,76.05671691894531,2.743698835372925,80.59388732910156,76.99943542480469,3.5944557189941406
78.47191619873047,75.79812622070312,2.6737873554229736,79.16279602050781,75.61732482910156,3.545468807220459
79.09507751464844,76.40055084228516,2.6945228576660156,80.85940551757812,77.3013916015625,3.5580244064331055
79.50936889648438,76.77851104736328,2.7308509349823,79.41412353515625,76.072265625,3.3418643474578857
79.33534240722656,76.60025024414062,2.7350950241088867,79.64103698730469,76.46484375,3.1761932373046875
79.12339782714844,76.34449005126953,2.778904438018799,79.1456298828125,75.93061065673828,3.215019941329956
78.65843200683594,75.84586334228516,2.8125643730163574,79.23365783691406,76.16109466552734,3.0725648403167725
79.21920013427734,76.45846557617188,2.760737657546997,79.64110565185547,76.62657165527344,3.0145344734191895
78.87267303466797,76.07847595214844,2.794185161590576,79.8297119140625,76.47382354736328,3.355877637863159
78.75504302978516,75.94345092773438,2.8115854263305664,79.72476196289062,75.89820098876953,3.826563596725464
79.02439880371094,76.15361785888672,2.8707895278930664,80.17891693115234,75.46990966796875,4.709005355834961
78.9099349975586,76.04866790771484,2.861271858215332,80.88600158691406,76.35879516601562,4.52720308303833
79.13323974609375,76.29173278808594,2.8415045738220215,79.66918182373047,75.43099975585938,4.23818302154541
78.86148834228516,75.9950180053711,2.8664615154266357,79.08551788330078,74.88964080810547,4.1958794593811035
78.66376495361328,75.76016998291016,2.9035940170288086,80.37110137939453,76.24345397949219,4.127647876739502
79.84228515625,76.94156646728516,2.9007136821746826,79.45379638671875,75.35355377197266,4.100246906280518
78.5577621459961,75.66108703613281,2.8966755867004395,79.41773223876953,75.63395690917969,3.7837822437286377
78.81809997558594,75.98323059082031,2.8348617553710938,79.80108642578125,76.44143676757812,3.359666347503662
79.23807525634766,76.44652557373047,2.7915608882904053,80.37875366210938,76.9231185913086,3.4556336402893066
78.73109436035156,75.8779067993164,2.853180408477783,78.2110824584961,74.49378967285156,3.717299699783325
78.8786849975586,75.97088623046875,2.9078006744384766,79.88475799560547,75.8940658569336,3.9906933307647705
79.34639739990234,76.45687103271484,2.8895256519317627,80.71133422851562,76.3076400756836,4.4036970138549805
79.07998657226562,76.18566131591797,2.8943288326263428,79.94449615478516,75.67837524414062,4.266114711761475
78.8739013671875,75.9920883178711,2.8818066120147705,81.12429809570312,77.32975006103516,3.7945382595062256
79.07903289794922,76.23139190673828,2.8476452827453613,78.62387084960938,74.98477935791016,3.6390907764434814
79.46918487548828,76.58318328857422,2.885993480682373,79.1188735961914,75.29701232910156,3.8218636512756348
79.11788177490234,76.22950744628906,2.888375997543335,78.79988861083984,74.9364242553711,3.8634657859802246
79.22650146484375,76.34616088867188,2.8803462982177734,80.92178344726562,76.85761260986328,4.064176082611084
79.20560455322266,76.32158660888672,2.8840208053588867,79.74679565429688,75.80098724365234,3.9458038806915283
79.20699310302734,76.34976196289062,2.8572280406951904,79.89002227783203,76.29822540283203,3.5918009281158447
78.54283142089844,75.72631072998047,2.8165171146392822,79.53244018554688,76.26469421386719,3.2677500247955322
79.275390625,76.4466552734375,2.8287456035614014,78.766845703125,75.56481170654297,3.202023506164551
79.09681701660156,76.24295043945312,2.8538765907287598,79.90145111083984,76.4138412475586,3.4875941276550293
79.12721252441406,76.24910736083984,2.8780999183654785,79.97686767578125,76.28890991210938,3.6879639625549316
79.0448989868164,76.19754791259766,2.8473458290100098,79.58750915527344,76.28125762939453,3.3062543869018555
78.94474792480469,76.07450103759766,2.870253324508667,79.86585235595703,76.72349548339844,3.1423583030700684
79.1158447265625,76.28689575195312,2.8289506435394287,80.26709747314453,77.16207122802734,3.1050329208374023
79.13345336914062,76.2601318359375,2.8733203411102295,80.4161376953125,77.1610336303711,3.2551002502441406
79.4163818359375,76.57678985595703,2.839592456817627,79.03652954101562,75.71585083007812,3.320679187774658
78.1583480834961,75.3304214477539,2.8279290199279785,81.36695861816406,78.0162353515625,3.3507297039031982
78.47747039794922,75.69355773925781,2.783907175064087,79.43386840820312,75.94770812988281,3.4861581325531006
79.31242370605469,76.54947662353516,2.7629482746124268,78.70503234863281,74.88420104980469,3.8208374977111816
78.64069366455078,75.82916259765625,2.8115246295928955,80.09884643554688,76.3299789428711,3.7688660621643066
79.13419342041016,76.30005645751953,2.834146499633789,79.1396255493164,75.41527557373047,3.724355459213257
79.1238021850586,76.25672149658203,2.867091178894043,78.83869934082031,74.89662170410156,3.9420745372772217
78.52409362792969,75.68913269042969,2.83496356010437,78.33023071289062,74.72339630126953,3.60683536529541
78.70026397705078,75.8970947265625,2.8031744956970215,79.3107681274414,75.83499145507812,3.4757771492004395
78.62284851074219,75.87445068359375,2.7484052181243896,79.2181625366211,75.79573822021484,3.422429084777832
78.83303833007812,76.10063934326172,2.7324063777923584,80.05648803710938,76.65410614013672,3.4023923873901367
78.87776947021484,76.1648178100586,2.7129647731781006,80.83905029296875,77.59404754638672,3.245007276535034
78.84174346923828,76.08142852783203,2.760312795639038,78.6006088256836,75.3558120727539,3.244790554046631
79.06358337402344,76.27892303466797,2.784660577774048,79.73052215576172,76.64328002929688,3.087233066558838
78.68731689453125,75.87984466552734,2.8074684143066406,79.5477066040039,76.54816436767578,2.999537467956543
78.82612609863281,76.08562469482422,2.7404868602752686,79.67135620117188,76.79161071777344,2.8797433376312256
78.45609283447266,75.74896240234375,2.707127571105957,79.4523696899414,76.54084014892578,2.9115283489227295
78.64680480957031,75.98466491699219,2.662149429321289,79.26229095458984,76.14813995361328,3.1141576766967773
78.9691390991211,76.25726318359375,2.7118754386901855,79.89300537109375,76.31487274169922,3.578141689300537
78.93922424316406,76.21085357666016,2.728370428085327,79.66475677490234,75.44409942626953,4.2206549644470215
79.0546875,76.32368469238281,2.7310051918029785,80.02665710449219,75.7784194946289,4.248234272003174
78.59228515625,75.81476593017578,2.7775187492370605,79.52091217041016,75.47833251953125,4.0425825119018555
78.4111099243164,75.67091369628906,2.7402002811431885,79.25860595703125,75.2207260131836,4.037877082824707
79.15589141845703,76.42401123046875,2.731886386871338,78.12014770507812,74.17256164550781,3.947582721710205
78.88253784179688,76.08224487304688,2.800290107727051,79.38502502441406,75.82982635498047,3.5551984310150146
78.73834228515625,75.99547576904297,2.742877960205078,81.11864471435547,77.92265319824219,3.1959803104400635
78.71839141845703,76.04322052001953,2.6751701831817627,79.65499877929688,76.4811019897461,3.173905611038208
78.53858947753906,75.84848022460938,2.69010329246521,78.92362976074219,75.6111068725586,3.3125243186950684
79.16059112548828,76.46981811523438,2.6907801628112793,79.48253631591797,76.08496856689453,3.3975584506988525
79.30814361572266,76.56478118896484,2.7433669567108154,79.83024597167969,76.52344512939453,3.306791067123413
79.84386444091797,77.01805114746094,2.825807809829712,78.9991226196289,75.6607666015625,3.338357448577881
79.06222534179688,76.16938018798828,2.8928489685058594,78.49178314208984,75.05502319335938,3.4367527961730957
79.19994354248047,76.35933685302734,2.8405988216400146,78.82050323486328,75.1047592163086,3.715747356414795
79.07886505126953,76.27378845214844,2.8050711154937744,80.13988494873047,76.46234893798828,3.6775429248809814
78.86814880371094,76.0271987915039,2.840956449508667,79.17462158203125,75.76293182373047,3.411689043045044
79.40589904785156,76.58525848388672,2.8206400871276855,80.08783721923828,76.78517150878906,3.302675247192383
79.38573455810547,76.54078674316406,2.8449459075927734,79.20809173583984,75.78296661376953,3.4251184463500977
78.71041870117188,75.8944091796875,2.815995454788208,80.5751953125,76.92131805419922,3.6538851261138916
79.20555877685547,76.36827087402344,2.8372950553894043,80.44644165039062,76.72949981689453,3.71694278717041
79.1590805053711,76.24597930908203,2.913100481033325,80.1071548461914,76.5210189819336,3.5861363410949707
79.16238403320312,76.23106384277344,2.9313340187072754,79.84150695800781,76.20101928710938,3.6404879093170166
78.8339614868164,75.92627716064453,2.9076850414276123,78.6177978515625,74.62987518310547,3.9879209995269775
79.3766860961914,76.46158599853516,2.915097236633301,80.01875305175781,75.61348724365234,4.405265808105469
79.06536865234375,76.16230773925781,2.9030635356903076,79.35185241699219,75.16775512695312,4.184090614318848
78.92670440673828,76.02584075927734,2.900855779647827,79.43321228027344,75.62003326416016,3.8131723403930664
78.88890838623047,75.9787368774414,2.9101760387420654,79.13106536865234,75.36762237548828,3.7634456157684326
79.0331039428711,76.15779876708984,2.8753130435943604,79.07683563232422,75.36858367919922,3.7082486152648926
79.0362319946289,76.1647720336914,2.871462345123291,79.26133728027344,75.6012191772461,3.6601195335388184
78.79605102539062,75.9248275756836,2.8712241649627686,79.12806701660156,75.7738037109375,3.354257106781006
78.36537170410156,75.52637481689453,2.838996171951294,79.98649597167969,76.82666015625,3.159843683242798
78.4103775024414,75.61882781982422,2.7915408611297607,79.6888656616211,76.37583923339844,3.3130221366882324
79.10462188720703,76.3508529663086,2.7537670135498047,79.51545715332031,76.05879974365234,3.4566497802734375
79.3122329711914,76.60401153564453,2.7082271575927734,79.5796890258789,75.86140441894531,3.7182910442352295
79.19786834716797,76.44269561767578,2.755161762237549,79.82259368896484,76.2607192993164,3.5618698596954346
78.67230224609375,75.86088562011719,2.8114078044891357,79.87115478515625,76.30812072753906,3.5630240440368652
79.05484771728516,76.1906509399414,2.86419677734375,79.95207977294922,76.0374755859375,3.914612293243408
79.0346908569336,76.14579772949219,2.88889741897583,80.37201690673828,75.7193374633789,4.652676582336426
79.4559555053711,76.57051849365234,2.885436534881592,80.59649658203125,76.2323226928711,4.364182949066162
78.7809829711914,75.92108917236328,2.859896183013916,78.54024505615234,74.41724395751953,4.122994422912598
78.71488189697266,75.85713195800781,2.8577463626861572,79.56726837158203,75.80521392822266,3.7620437145233154
78.92510223388672,76.14862823486328,2.7764792442321777,78.52609252929688,74.8789291381836,3.6471683979034424
78.87628173828125,76.03022766113281,2.8460512161254883,79.63484191894531,75.84114837646484,3.7936954498291016
78.450439453125,75.5385971069336,2.91184401512146,78.03742218017578,74.55667877197266,3.4807450771331787
78.97177124023438,76.14305877685547,2.828707218170166,78.25982666015625,75.17520904541016,3.0846152305603027
78.87889862060547,76.07540130615234,2.8034961223602295,79.71066284179688,76.68726348876953,3.0233922004699707
79.38648986816406,76.60879516601562,2.7776882648468018,81.06515502929688,77.70960998535156,3.3555452823638916
79.51451110839844,76.6435317993164,2.8709776401519775,78.96483612060547,74.95982360839844,4.005023002624512
78.5340347290039,75.59700775146484,2.9370296001434326,79.3447036743164,75.33888244628906,4.005828380584717
78.35790252685547,75.4865493774414,2.8713581562042236,79.49649810791016,75.66409301757812,3.8324084281921387
78.38688659667969,75.54686737060547,2.8400216102600098,79.08556365966797,75.57698059082031,3.508585214614868
79.05276489257812,76.23741149902344,2.8153533935546875,79.88180541992188,76.2109603881836,3.6708521842956543
78.97380828857422,76.11649322509766,2.8573215007781982,79.52124786376953,75.06381225585938,4.457427978515625
79.21170806884766,76.35274505615234,2.858952045440674,78.90556335449219,74.29495239257812,4.610610485076904
78.90155792236328,76.03397369384766,2.8675873279571533,78.90474700927734,74.58049011230469,4.324253082275391
78.8770980834961,76.02415466308594,2.852931022644043,79.95538330078125,76.06546783447266,3.889925241470337
78.81198120117188,75.95999908447266,2.851978302001953,80.06443786621094,76.50074005126953,3.56369948387146
78.70381927490234,75.88021850585938,2.8235981464385986,78.5919189453125,75.35501861572266,3.2368922233581543
78.79083251953125,75.97904205322266,2.811798572540283,79.1907730102539,75.9952163696289,3.195554256439209
78.85162353515625,76.02533721923828,2.8262898921966553,78.76834106445312,75.41960144042969,3.3487393856048584
78.77177429199219,75.94924926757812,2.8225064277648926,80.04749298095703,76.3821029663086,3.665383815765381
78.4543685913086,75.6152114868164,2.8391637802124023,80.46770477294922,76.84033203125,3.6273772716522217
79.04435729980469,76.17717742919922,2.8671836853027344,79.1473617553711,75.49690246582031,3.650463819503784
79.09895324707031,76.19725036621094,2.901700496673584,79.81916046142578,75.98853302001953,3.8306264877319336
79.38728332519531,76.45435333251953,2.932931661605835,78.96635437011719,75.31416320800781,3.652195453643799
78.59953308105469,75.694580078125,2.9049668312072754,78.697265625,75.21533966064453,3.4819252490997314
78.80232238769531,75.96576690673828,2.8365495204925537,80.33800506591797,76.66382598876953,3.674177885055542
78.3641357421875,75.5149917602539,2.849158525466919,79.16571044921875,75.32591247558594,3.839792251586914
78.55127716064453,75.61747741699219,2.933797836303711,80.31832885742188,76.50426483154297,3.8140673637390137
78.76527404785156,75.89855194091797,2.86672306060791,79.72749328613281,76.26851654052734,3.4589762687683105
79.19739532470703,76.42899322509766,2.7684078216552734,78.2212905883789,74.82968139648438,3.3916139602661133
78.63070678710938,75.78485107421875,2.8458595275878906,80.48101806640625,76.8571548461914,3.6238515377044678
79.02217864990234,76.1483154296875,2.8738667964935303,80.63563537597656,76.55060577392578,4.085025310516357
78.73176574707031,75.8650894165039,2.8666722774505615,79.98966979980469,75.91392517089844,4.075747013092041
78.85377502441406,75.99594116210938,2.8578357696533203,79.52146911621094,75.52281951904297,3.9986484050750732
78.89820098876953,76.04974365234375,2.848456859588623,78.9233169555664,74.8824462890625,4.040868282318115
79.3117904663086,76.3875961303711,2.924193859100342,79.04853057861328,75.19142150878906,3.857102870941162
78.40096282958984,75.47235870361328,2.9286117553710938,78.08324432373047,74.86737823486328,3.2158689498901367
79.58441925048828,76.73848724365234,2.845930337905884,78.68531799316406,75.5595932006836,3.1257317066192627
79.24984741210938,76.3453598022461,2.9044861793518066,78.52012634277344,75.30365753173828,3.2164716720581055
78.77734375,75.81090545654297,2.9664409160614014,79.80347442626953,76.41729736328125,3.38617205619812
79.11927032470703,76.18902587890625,2.9302332401275635,79.77227020263672,76.30978393554688,3.4624924659729004
78.65437316894531,75.76583099365234,2.888537645339966,79.85310363769531,76.0525894165039,3.8005125522613525
78.77271270751953,75.84879302978516,2.9239184856414795,79.01144409179688,75.00261688232422,4.008831977844238
79.16896057128906,76.25110626220703,2.917849063873291,79.15940856933594,75.10204315185547,4.057372570037842
79.46861267089844,76.5156478881836,2.9529595375061035,80.40040588378906,76.18360900878906,4.216795921325684
79.10468292236328,76.07025146484375,3.0344345569610596,78.7303695678711,74.43399810791016,4.296360492706299
78.88074493408203,75.91169738769531,2.969034194946289,80.56929016113281,76.64353942871094,3.9257678985595703
79.06771087646484,76.12036895751953,2.947340488433838,79.09599304199219,75.47904968261719,3.6169440746307373
79.13423919677734,76.19864654541016,2.9355978965759277,79.28142547607422,75.64190673828125,3.6395058631896973
78.7423324584961,75.82913970947266,2.9131970405578613,79.85926055908203,76.03809356689453,3.8211724758148193
78.63090515136719,75.70291900634766,2.9279868602752686,80.50969696044922,76.87198638916016,3.637716054916382
78.15034484863281,75.2635726928711,2.886782169342041,80.10918426513672,76.78244018554688,3.3267390727996826
78.54536437988281,75.77375793457031,2.771605968475342,79.18431091308594,75.82251739501953,3.36179518699646
78.95802307128906,76.2011489868164,2.7568717002868652,80.36217498779297,76.61714172363281,3.7450361251831055
78.52061462402344,75.6827621459961,2.8378548622131348,78.99987030029297,75.05569458007812,3.944180727005005
78.68498992919922,75.83831787109375,2.8466713428497314,79.21186828613281,75.21302032470703,3.9988527297973633
78.97917175292969,76.09291076660156,2.8862557411193848,79.64491271972656,75.54230499267578,4.102602958679199
78.72998809814453,75.808837890625,2.9211432933807373,78.96882629394531,74.9831314086914,3.9856958389282227
78.69596099853516,75.77406311035156,2.921891689300537,79.33338165283203,75.42221069335938,3.9111719131469727
78.95316314697266,76.0286636352539,2.924501657485962,80.37039184570312,76.2214584350586,4.148927211761475
79.05854034423828,76.0644302368164,2.994110345840454,79.08381652832031,74.73372650146484,4.350083827972412
78.61161804199219,75.5678482055664,3.0437710285186768,79.14525604248047,75.0206069946289,4.124645709991455
79.02054595947266,76.02141571044922,2.9991397857666016,80.26973724365234,76.56494903564453,3.7047863006591797
78.96722412109375,76.0154800415039,2.9517433643341064,80.16691589355469,76.68171691894531,3.4852025508880615
78.48612976074219,75.47853088378906,3.007601261138916,80.85556030273438,77.42808532714844,3.4274749755859375
79.42776489257812,76.50030517578125,2.927456855773926,81.00580596923828,77.39167022705078,3.614140510559082
79.31173706054688,76.36434936523438,2.947380781173706,79.56800842285156,75.83304595947266,3.7349629402160645
78.8512954711914,75.94437408447266,2.9069278240203857,79.68744659423828,76.19233703613281,3.4951136112213135
78.4968490600586,75.63680267333984,2.860041379928589,79.92845153808594,76.55314636230469,3.3753020763397217
79.56114959716797,76.69908142089844,2.862076759338379,80.53466033935547,76.82898712158203,3.705674409866333
79.1769790649414,76.2623519897461,2.91463303565979,78.91603088378906,74.72872924804688,4.187298774719238
78.80546569824219,75.8954849243164,2.909987449645996,78.60570526123047,74.6703109741211,3.9353866577148438
78.8506851196289,75.97456359863281,2.8761301040649414,79.6695327758789,75.74198150634766,3.927548885345459
79.23155212402344,76.396484375,2.8350675106048584,79.76386260986328,75.6541976928711,4.1096673011779785
79.32317352294922,76.41412353515625,2.9090499877929688,80.6219711303711,76.41067504882812,4.211302280426025
79.16840362548828,76.2235336303711,2.9448647499084473,79.82344055175781,75.93876647949219,3.88466739654541
78.80424499511719,75.92149353027344,2.882753610610962,78.942138671875,75.60697174072266,3.3351588249206543
78.64974212646484,75.8451156616211,2.8046278953552246,77.98137664794922,74.66055297851562,3.320826292037964
78.64111328125,75.79753875732422,2.8435709476470947,79.83129119873047,76.26019287109375,3.571092367172241
79.1305923461914,76.20381927490234,2.926771402359009,80.02001190185547,76.03665924072266,3.9833388328552246
79.3968734741211,76.40723419189453,2.989645004272461,79.00946807861328,74.93749237060547,4.071971893310547
78.71875,75.7479476928711,2.9708096981048584,79.06696319580078,75.16957092285156,3.8973939418792725
78.69789123535156,75.75464630126953,2.943239688873291,79.93550872802734,76.30298614501953,3.632518768310547
78.93121337890625,76.00996398925781,2.921250820159912,81.10722351074219,77.42599487304688,3.681236743927002
78.22443389892578,75.2763900756836,2.9480409622192383,79.0575180053711,75.51454162597656,3.542973756790161
78.92292785644531,76.02269744873047,2.900231122970581,80.36641693115234,76.83866882324219,3.527744770050049
78.85614776611328,75.93839263916016,2.917760133743286,79.47093200683594,75.83121490478516,3.6397008895874023
78.92169952392578,76.02885437011719,2.8928472995758057,80.58953094482422,76.97024536132812,3.619279146194458
78.7643051147461,75.87862396240234,2.885678768157959,80.6250991821289,77.08108520507812,3.5440256595611572
78.30023193359375,75.39775085449219,2.902482509613037,79.29048919677734,75.80858612060547,3.481898784637451
78.73273468017578,75.85538482666016,2.8773350715637207,79.8466796875,76.61038208007812,3.2363028526306152
78.27055358886719,75.44274139404297,2.8278067111968994,80.50825500488281,77.2669906616211,3.241257905960083
79.00320434570312,76.1895980834961,2.813589334487915,80.28952026367188,76.63973236083984,3.649790048599243
79.4599838256836,76.57732391357422,2.882650852203369,80.1192398071289,76.05422973632812,4.065011024475098
78.9161376953125,75.94569396972656,2.970447540283203,79.27105712890625,74.97781372070312,4.293246269226074
78.73323822021484,75.7633056640625,2.969930410385132,80.10002136230469,75.9995346069336,4.100483417510986
78.82355499267578,75.830078125,2.9934754371643066,79.52490997314453,75.32779693603516,4.197124481201172
78.77092742919922,75.77886199951172,2.9920668601989746,79.97404479980469,75.7422866821289,4.231757164001465
78.86971282958984,75.87061309814453,2.9991109371185303,78.218505859375,74.14958953857422,4.068918704986572
78.75823211669922,75.79712677001953,2.9611144065856934,79.4787826538086,75.6654281616211,3.813347101211548
79.47088623046875,76.44641876220703,3.024463415145874,79.08515930175781,75.30741119384766,3.777745485305786
78.48430633544922,75.46996307373047,3.014342784881592,79.50732421875,75.86700439453125,3.640321731567383
78.91053009033203,75.95911407470703,2.951415777206421,79.47689819335938,75.89354705810547,3.583353281021118
78.81175231933594,75.87544250488281,2.9363019466400146,80.2354736328125,76.63655090332031,3.5989303588867188
78.7076416015625,75.81705474853516,2.890575647354126,78.54317474365234,74.92378234863281,3.6193931102752686
78.93016815185547,76.11507415771484,2.8150932788848877,81.4709701538086,77.53633117675781,3.934635877609253
79.06502532958984,76.19995880126953,2.865060806274414,79.93690490722656,75.58269500732422,4.35422420501709
78.85369873046875,75.89645385742188,2.957249641418457,80.59947967529297,76.2640151977539,4.335463523864746
78.8490219116211,75.85711669921875,2.991903305053711,80.22355651855469,76.2349853515625,3.9885776042938232
79.22345733642578,76.21625518798828,3.0072035789489746,80.35003662109375,76.58594512939453,3.7640955448150635
79.31358337402344,76.31684112548828,2.996751070022583,78.68876647949219,74.86888885498047,3.819866895675659
79.00605010986328,76.07054901123047,2.9355013370513916,78.22484588623047,74.3589096069336,3.8659286499023438
79.27517700195312,76.39202880859375,2.883150339126587,78.40232849121094,74.4709243774414,3.93141770362854
79.05532836914062,76.17721557617188,2.8781120777130127,80.78163146972656,77.02363586425781,3.757988691329956
78.8072738647461,75.85121154785156,2.9560656547546387,79.70557403564453,76.07844543457031,3.627127170562744
79.31688690185547,76.31884765625,2.9980359077453613,77.94137573242188,74.5863037109375,3.3550808429718018
78.34449005126953,75.38232421875,2.9621670246124268,79.24105834960938,76.05390167236328,3.1871578693389893
78.4516830444336,75.57942199707031,2.8722634315490723,79.3624267578125,76.3844985961914,2.977924108505249
79.09382629394531,76.23829650878906,2.8555221557617188,78.9780044555664,75.87052154541016,3.1074745655059814
78.71978759765625,75.86587524414062,2.8539092540740967,80.6919174194336,77.37359619140625,3.318329095840454
79.04417419433594,76.18563079833984,2.8585476875305176,78.42288970947266,74.8106460571289,3.6122496128082275
79.21692657470703,76.3402099609375,2.876718521118164,79.8661117553711,76.27165985107422,3.594464063644409
78.96826934814453,76.03179931640625,2.936464548110962,79.740966796875,76.18603515625,3.55493426322937
79.06046295166016,76.09776306152344,2.962702751159668,80.5254135131836,76.9918212890625,3.533602237701416
79.04612731933594,76.10215759277344,2.9439632892608643,79.78492736816406,75.88900756835938,3.895918607711792
79.24116516113281,76.26702117919922,2.9741311073303223,79.21913146972656,75.09137725830078,4.127762794494629
78.50259399414062,75.54064178466797,2.9619381427764893,78.70640563964844,74.56129455566406,4.145111560821533
79.1029281616211,76.15879821777344,2.944118022918701,80.57112121582031,76.58834075927734,3.9827702045440674
78.81233215332031,75.87051391601562,2.9418156147003174,79.9610366821289,76.42449188232422,3.536550760269165
78.91899871826172,76.0024185180664,2.916577100753784,78.47110748291016,75.0584945678711,3.4126148223876953
78.91168212890625,76.04322052001953,2.8684709072113037,80.34829711914062,76.81478881835938,3.533511161804199
78.893310546875,76.05490112304688,2.8384146690368652,79.69805145263672,75.94577026367188,3.7522733211517334
78.9711685180664,76.11458587646484,2.8565847873687744,80.39430236816406,76.40211486816406,3.992192029953003
79.78589630126953,76.8670883178711,2.918806791305542,79.41785430908203,75.3104476928711,4.107396602630615
79.25216674804688,76.30361938476562,2.9485559463500977,79.7451400756836,75.45735168457031,4.287786960601807
