,0,1,2,3,4,5,6,7,8,9
0,-1.2663239,0.00047940016,0.7424725,-1.0577421,-1.4475127,0.042534,0.5871348,1.5919713,-1.0976667,-0.17855203
1,0.74887896,-0.0868235,1.4964762,-0.915177,-0.49495944,-0.3171026,-0.25678062,1.390317,0.07258865,1.5675535
2,2.1333194,-0.64405566,-0.057847917,-0.49131954,-0.5086155,-0.47920978,0.03226304,0.36853334,0.8996952,1.4487193
3,-0.68073916,0.5978448,0.20232695,1.2651064,-2.1136878,0.15598519,0.17689529,1.6495533,-0.039849333,0.092618816
4,0.85230845,1.7825123,-0.16228288,0.42524448,-0.037356958,-0.10334006,0.36920613,-0.75706077,-0.78585017,-0.36558458
5,0.4422816,0.70244163,2.1692116,0.5369906,0.8552784,-0.649825,-0.37768862,-0.06504732,0.5290171,1.9792528
6,2.0691621,-0.67437065,-0.029251456,0.37613833,-0.41843098,0.91162264,0.046806216,1.282692,-1.0731423,2.134421
7,-0.40492547,-0.08526468,-0.01586008,-1.045333,0.8091398,-0.14340797,0.6634293,-0.2879715,0.68999124,-0.12387542
8,-1.6217417,2.1227784,0.929359,1.1418368,-2.3941045,0.27577046,0.30210435,-0.67629606,-0.04315895,0.48064533
9,0.054107547,-0.16641271,0.526613,-0.5626466,-0.39449802,-1.4452897,-1.4085264,-1.5327226,1.2873876,-0.22367099
10,0.27204645,-0.061765015,-0.22119182,-0.13049504,0.7792686,-0.39750767,-0.6257538,1.0703003,0.1680027,1.2865311
11,1.1751202,0.35530385,0.2939834,0.14392698,1.6607639,1.2567457,2.0008175,0.59865254,0.6759937,0.08603644
12,0.4355188,-0.21708664,2.7088804,1.4005079,-0.69049466,1.5416049,-0.08442941,1.6889879,-1.4377444,1.4128685
13,0.18021935,1.7850715,0.7773367,0.4001155,0.2008164,1.1020161,0.059591472,0.26863158,-0.45346043,2.7201874
14,-0.5893391,0.49589798,0.6166186,-0.49870116,0.16492772,-0.28916073,-0.825395,1.6770515,0.13828927,1.2927812
15,-1.2476236,0.23053241,0.6080947,0.6872317,1.6325917,0.6176892,-1.970463,1.18503,0.7934768,-0.30210915
16,0.7146529,-1.3107269,0.4319948,-0.38965398,1.7486148,0.52779025,-0.20814548,2.0859835,0.78920174,0.5262778
17,-0.48646832,-0.16700605,-0.5961058,0.49272984,0.32855597,-0.20647897,-1.8536656,1.9146388,-1.0367614,0.036772132
18,-1.1055024,0.43798208,-1.3605123,0.7310269,-1.336052,-0.71134746,0.31452426,0.3840757,1.8708899,0.64813983
19,0.89237535,-1.9400661,0.045231402,1.0443919,-0.13915369,0.52209824,-0.73991734,0.14828467,-0.40960214,1.1083186
20,-0.21324357,0.42658412,-0.11070305,0.869634,-0.8678758,0.5668319,-1.638063,-0.3404124,-0.9107336,1.2233814
21,-0.68649065,-1.1206121,-1.3973325,-0.11426791,2.530604,0.11460914,-0.7837553,-0.3023029,0.7211896,0.14228298
22,0.24313024,-1.6052196,0.0868011,-0.040776603,1.3526092,0.69072896,1.2884659,-0.6833816,0.9646072,-0.9370929
23,-0.677266,-0.44959033,0.82037205,0.779378,2.394401,0.10031546,1.82106,0.49663773,2.7114625,-1.4337904
24,-0.40208927,0.65445775,-0.37320578,-0.11537193,-0.21011001,0.503784,-0.12959577,-1.510728,-0.53006864,1.5495636
25,-0.6061723,-0.024068251,0.7713473,0.36672604,1.5713482,0.0050767027,-0.06386275,1.4975967,3.1526918,-2.2573128
26,0.6725542,-1.9481943,0.52349067,0.4747309,1.0516183,-1.0195742,-0.44296372,-0.23773086,-0.043064535,-0.816528
27,-0.7698337,-0.58850324,0.036729366,-1.0966812,1.8683891,0.15822084,-0.44662046,1.2310565,0.30130023,-1.2827362
28,0.18175817,-1.2881191,0.25271153,-0.48392764,0.6842246,-1.6557313,-0.26524544,-1.0515691,-0.31750828,1.305423
29,-0.13546115,1.1795461,1.1903661,-0.75728047,0.15264201,0.6013306,-0.5240382,1.4771196,-0.61920685,1.4963491
30,-0.27913544,-1.3319992,0.2752124,-0.14228773,-0.5654545,0.52960014,0.8696917,0.28379977,0.6472742,-0.78065735
31,3.1012442,-0.97078156,-0.4446059,-0.3043903,-0.15721726,1.0635445,0.40531534,0.7797743,0.51297414,0.90600705
32,-0.84237075,-1.301324,1.7232754,-0.7337065,-0.9919479,-0.68981594,0.21479523,0.6110046,-1.3947606,1.6943855
33,-1.1327633,0.20086467,1.5836282,1.233355,-0.45449445,1.1986084,-0.5520831,1.2077203,-0.5184571,0.7399391
34,2.4326284,-0.6156454,0.21071592,-0.37306416,2.1429067,0.36135894,0.3409608,1.8170903,-0.17617363,1.7363071
35,0.82011235,-1.1159288,-0.14252238,-1.1591818,0.451406,0.7685707,-0.56489134,0.9339026,0.8647435,1.5823531
36,1.0100554,-0.19789532,-0.54846436,-0.688147,1.8282667,1.03159,-0.39235035,-0.04122117,2.4437747,-0.7779069
37,-0.7164553,0.407322,0.45965546,0.94480544,-1.3434675,-0.67748684,-1.7762573,-1.3489256,-0.054359347,2.6444077
38,0.8087628,-0.45702335,2.4569764,0.053950835,1.3924011,0.34051654,0.14635772,0.5540486,0.9331218,-0.39686352
39,0.15390474,-0.01408273,0.4395803,0.6017077,-0.28213245,-0.5545185,-0.68029237,0.9810975,0.22514062,-0.579836
40,-0.4707781,-0.4639116,-1.5363295,-0.3304953,1.2304877,1.0397145,0.7864144,-0.49971348,0.5760046,-0.97168005
41,0.11292582,-0.95090485,0.34640068,1.5126971,0.32716227,0.6008152,-0.3957198,0.029860586,1.8555663,0.5842773
42,-0.28242317,-0.12958995,-0.3820976,-0.69131225,0.35373777,-1.0317705,1.4289509,-0.16209802,1.1081747,-1.3711834
43,-0.017115802,-0.105640344,-0.17868674,0.47721785,0.18167247,-0.14729618,0.33510324,0.27258134,-0.49394196,0.42586654
44,0.123119146,-0.7587414,2.6174996,1.0077219,-0.47922206,0.0035226392,-1.6086468,-0.5467464,0.03540364,2.0075755
45,-0.14650644,-1.5812559,-1.2463748,0.853149,2.75889,0.111054346,-1.355795,0.015215039,0.20980152,-1.019276
46,-0.8610247,-1.4222983,0.92891157,-0.26737165,1.2456536,1.1139596,0.05643791,-0.34845442,1.2190886,0.9018396
47,-0.18224752,0.22077042,2.385171,-0.8463273,-1.380691,-1.3337654,-0.14243436,0.7478615,-0.59064776,1.3163217
48,-0.33259305,0.9932993,0.44174597,-0.037831098,-0.9875881,-0.3525361,3.314578,-1.4219382,0.2696879,-0.63277376
49,-1.9413433,-0.91306865,0.30378893,-1.1016852,0.4120187,0.661231,2.576396,-1.5350659,0.94890326,-0.8353921
50,-0.9281491,1.1721935,1.405315,-0.026800275,1.5786905,-0.6814538,-0.13391988,-0.23902524,0.932878,-0.26051643
51,-1.2543246,2.0199943,1.335942,1.8633397,-0.58018905,0.44957986,0.84590656,1.3322839,-1.1886693,0.06526458
52,-2.0506296,0.33471897,1.6133246,-0.6085066,3.2975903,0.4934666,0.08370346,-0.0678221,2.7140987,-1.6793833
53,-0.9934578,-0.9890742,1.319663,1.0408638,-0.8597453,-1.1257538,-0.102439046,1.2042394,-0.81635857,1.57602
54,-0.6360773,-0.8797698,-0.558511,-0.40592447,1.188173,-0.703306,0.4130162,-0.011457816,0.23795396,-1.7537344
55,0.986485,0.29134777,1.5029477,0.40879324,-0.08682066,-0.13637286,-0.48187795,0.45639855,1.060079,1.4264963
56,-1.9754121,-1.0838805,0.21136308,0.4348195,-0.45225227,-0.44481394,0.8486821,-0.9206399,0.7055825,0.5538495
57,1.6688104,-1.2142255,2.1754572,0.29735723,-0.063684314,-1.3762493,-0.90795815,0.16045354,-0.6705078,0.99471337
58,0.3527339,-0.20384242,2.0372953,0.8222536,-0.6723724,-0.12513362,-0.6872971,1.2682887,0.23174441,2.8744197
59,-1.7549372,0.54298204,-0.42085084,0.13495679,-0.20491922,-0.8663564,-1.1903018,-0.2243452,-0.57147163,0.045040846
60,2.7671332,-0.5195663,-0.08839741,-0.76145095,1.0147966,1.2074769,1.5910988,2.5666432,0.617415,-1.1460873
61,-0.118555576,-0.025930002,-1.1010675,-0.6652515,-0.30099124,1.0686163,1.5238572,-0.22978938,0.9597669,0.20493543
62,-0.7759069,-0.2541297,1.3918148,0.6612201,-0.12330046,0.42661965,0.20925951,-0.58079976,0.6056915,0.19341409
63,-0.18511766,0.5503843,-0.09341669,-1.0835702,-0.31721976,0.68148273,0.18637332,1.863466,-0.43994927,-1.5527824
64,-1.1842456,0.028977334,2.4412942,1.8182471,1.0699713,-0.82057863,-0.05995685,0.6530207,-0.7961162,-0.5341902
65,-0.52498484,-0.17475258,-0.8133939,1.203905,1.1653464,-0.7790864,0.20043407,-0.84993553,2.6762426,-1.0355232
66,1.0784544,-1.5030091,1.3723767,-0.76536274,0.8098342,0.59109426,0.29230642,0.3417077,-1.2850367,1.0403805
67,-0.5097606,0.61746085,-0.33494663,-0.75145936,-0.9294197,0.17281805,1.5868742,-1.7045857,0.15813056,0.21853077
68,1.3764862,0.42873177,0.020213693,0.14578429,1.1177801,-1.155588,2.5269818,-1.5834513,0.8701275,0.3964672
69,0.72935855,-0.64094007,-0.20525315,-0.17728311,-0.25467637,0.02375596,-0.6880659,1.5828702,-0.1781755,0.81193405
70,-0.12293953,-1.243557,-0.16275455,0.009893417,1.0894452,-0.58808476,-1.0956657,-0.060182795,0.30786505,1.361004
71,0.117046356,-1.3583815,1.980598,0.63348514,-0.58669686,-0.009301701,-0.30656403,0.7862345,-1.0346974,0.7963159
72,-0.09763661,-0.47721887,0.6371756,0.048269063,-0.9397028,-0.000997819,-0.20726737,1.4181156,-0.2209124,-0.27625802
73,1.0935603,1.6776223,-0.26756042,1.1034917,0.4890556,0.9144933,-0.7253227,2.2512298,-0.54431576,-0.82611775
74,0.50957775,-2.0569978,0.36870164,0.22836678,0.15500313,0.29293048,0.2526123,0.05367875,-0.010307968,2.2754445
75,-0.82162404,-1.3082087,-0.5048097,0.9403754,-0.99663806,-0.7782175,-1.1992359,-1.2549775,0.97648245,-0.76429784
76,-0.7873283,-1.0805436,3.1615484,0.012630105,0.68651956,-1.2166517,0.5168558,0.40896285,-0.50876725,0.011069998
77,0.22140422,-0.21779549,0.3811881,1.3961172,-0.110400915,-1.2504271,0.1662384,0.25364923,1.5477122,-0.7674576
78,-0.099448115,-1.1811974,0.101474576,-0.07159263,1.5939527,0.91306543,0.8637943,0.59251595,2.316044,0.06600046
79,0.61192894,-0.110146604,0.17882164,-0.7081295,1.0038401,0.49207392,0.66629744,-0.28145447,0.72662336,2.5900156
80,-0.16079575,0.46832705,0.37343585,0.70429313,0.2870131,0.2926869,-0.31409755,-0.093579896,-0.66511965,0.48554137
81,-0.48227817,-0.47289747,-1.924892,0.51779836,0.35229588,-0.3163301,-0.75929844,1.1794242,1.2133312,-0.55772936
82,0.4164271,0.29908574,-0.8718428,-0.18596238,-0.6851547,1.5543965,2.755888,-0.8506019,0.65708256,-0.6849488
83,-1.278837,1.6627896,3.9832897,1.1540626,0.5179521,-0.5233944,-0.89029783,0.021550804,0.099445134,0.10341815
84,0.4142121,-0.8674481,0.18372221,0.5414583,-0.70696616,-0.09948148,0.14623633,-0.24805006,-0.6018014,-0.051275298
85,-0.6565553,0.6350374,0.6012056,0.44990447,0.12454812,-0.26712716,-1.4281449,1.80938,-0.20858221,0.10970511
86,0.24226518,0.44176903,-0.23721188,-0.1513992,-0.32541525,-1.1925772,1.039896,0.63473463,0.19364995,0.91098773
87,0.24930789,-0.94659185,-0.0137661025,2.2186337,1.4468563,0.46857613,-0.54609954,0.3405409,0.8958708,-0.26144543
88,-0.10193044,-0.46779662,-0.71749055,-1.5708796,-0.30453938,-1.4850937,2.3569226,1.3657646,0.3687293,-1.0784469
89,0.64013195,-2.0692747,1.1935142,-1.6414512,-0.32484823,-0.3606294,-0.5865674,-0.08964743,0.09918171,-0.7953911
90,0.53560275,-0.44165707,-0.17097685,-0.4841197,1.2200402,0.2241937,0.7455902,1.9710791,1.4955146,-1.2643876
91,-0.9889907,0.5563979,-0.10706091,-0.54857135,0.68403965,-0.046975434,0.14731878,1.6705614,0.2926159,-1.054255
92,-0.5791347,-0.16280901,-1.4170132,0.118480414,0.06716305,1.3489064,0.71912223,-0.9160105,0.5357554,0.77888346
93,1.2486417,0.8445208,-0.52863574,1.7647903,0.04355818,1.8415339,-0.8230361,0.982713,0.30673456,-0.40741873
94,-0.7894579,-0.18381524,-0.9462316,-0.34169102,0.015584014,0.7062414,0.40546232,2.3685703,1.6244355,-0.5148296
95,-0.16705275,0.5896815,0.8869486,1.2397215,-0.8217103,-0.7270886,0.85766935,-0.9808742,-2.0255876,0.27089265
96,-0.47741932,0.46219814,0.5120094,-0.9320058,0.17717153,-0.5145496,-2.1746979,2.2189653,-0.34040862,2.4437742
97,-1.8786361,-0.114194036,1.5183792,1.2252638,0.38382268,-1.009334,-1.0852095,1.6945529,-1.5525618,0.2523812
98,-0.5185444,0.24871795,1.8329854,0.5745724,0.12923062,-0.25528637,-1.3350694,1.3062917,-0.68668145,0.0511408
99,-0.43991923,-0.26874086,1.0046978,-0.45519012,1.3883654,-0.22757429,-0.056491442,-0.27270144,1.3344414,-2.6192162
100,0.7633844,-0.013379812,-1.4790034,-0.13139337,1.0878631,-0.52118766,1.3744143,0.6146627,0.32963264,-0.424944
101,0.5394275,0.39667535,-0.18968403,0.15725286,0.38258585,-0.094007686,0.7263063,-0.3428977,0.92434585,2.2390108
102,0.82816684,-0.21299234,0.38494682,-0.10544836,1.2208467,1.1084089,-1.6541257,-0.80020416,-0.8508158,0.2852866
103,0.81881285,0.2981025,-0.09949589,1.1797006,-0.5661709,0.102601096,-1.4469937,0.030482816,0.97309244,-0.76441336
104,0.86793643,-0.5392623,-1.2198545,-1.1324896,0.0076105297,0.37090576,2.7131474,-0.7929381,-1.1751325,0.62691253
105,0.1430406,-0.2852533,2.1211767,2.0562022,-0.6568528,-0.21965861,-1.553162,1.4827592,0.7690104,-0.33232388
106,0.8177196,-0.26339674,-1.4711353,0.073457,1.6293113,0.76641387,1.5004756,-0.9104489,-0.23849046,1.1647404
107,1.020409,-0.14201844,0.7203563,0.2806707,-0.8575774,-1.4051194,0.60385525,-0.033655792,0.5134429,1.2597439
108,-1.9906101,0.9217044,-0.41230533,0.04758379,-0.24821971,0.6654792,1.3672073,1.6889747,1.0067595,-0.36043602
109,-0.092732616,0.4039967,-0.7838615,1.1756415,0.0071852207,0.016223507,1.3658613,-0.80119574,1.7123368,-0.72478116
110,0.3554951,0.7223725,-0.74339575,0.64547,0.55208343,0.2615215,-0.5369453,0.107744396,-0.98356605,0.46863922
111,-0.469667,-0.075664744,0.40603662,0.68061155,-0.6452408,-0.0056224987,-0.61973804,1.2487042,0.95515877,-0.7096784
112,1.1150513,-0.40646574,1.4864873,-0.57344955,0.1616239,-0.053417534,0.7886637,-0.03646174,0.44547823,0.39009944
113,0.9700831,0.49430767,-0.37977624,0.48448774,0.019539222,-1.3756745,-1.0650011,0.5683738,0.41910028,0.6738059
114,0.73974365,1.1522493,-2.09933,0.009041518,-0.34944052,-0.5406693,-0.7113315,-0.6236617,1.6259077,-0.35621524
115,2.5299754,-0.9156619,1.309643,-0.102319114,2.5449255,-0.19227329,0.5099009,-0.072098255,-0.19969386,-1.3064033
116,0.5812998,1.3497941,1.4096237,1.1431259,-0.04870063,1.0019908,-0.6988424,0.41200072,1.5180972,0.4996741
117,-1.7153283,-0.62687767,-0.09838809,0.7025476,-0.8134115,1.5009305,0.66158915,0.59457475,-0.6702925,1.0733508
118,0.35787725,-1.1599513,-0.7296732,-0.021111041,-0.47661987,-0.038720995,-0.70999134,-0.45848483,0.2804829,2.137663
119,0.27712858,-0.40492627,-0.6704652,0.5415217,-0.5582155,1.689601,0.3116547,-1.9571817,-0.90582067,0.54515374
120,0.22109011,-0.40572518,-0.83176965,-1.4658011,1.7350652,1.267982,2.1889946,1.1443663,1.3309524,-0.72985494
121,-0.8822105,2.183398,0.671459,1.6195626,0.4130842,0.59930074,0.11363529,-0.63833946,-0.90929484,0.13379964
122,0.09528169,-0.948296,0.47169217,0.7488146,-0.6766136,0.04463641,0.3661176,1.7258477,0.35663813,0.5775081
123,0.92535186,-0.77630144,2.2268999,0.2775066,2.628384,-1.1374286,-0.14670582,0.9540286,0.40372863,-0.74362993
124,0.47900856,-1.3171027,-0.24287874,-0.5507836,0.6555589,-0.73273647,0.20674327,0.78019255,-0.682782,-0.20486961
125,0.70085907,1.193985,2.0321546,1.6574385,0.9892216,0.22706053,-0.7328367,0.75642097,-0.8017632,2.6006427
126,0.09710336,-0.17223972,0.9808346,-0.28685963,-1.9637585,0.3141059,-0.36488524,1.9489365,0.10644865,-0.19125482
127,0.30522728,0.8872156,-0.5741484,1.1329942,0.22305974,-0.82243806,0.24754402,1.3774918,-1.4494089,-0.076767154
128,-0.8700728,-0.42130163,0.7972778,-0.012833953,0.71159214,1.2064543,-0.6961503,2.2240617,-1.3437759,0.20608154
129,-0.5890312,-0.2985685,0.10888827,-0.056959927,-0.7658634,-0.8331302,0.17047143,3.4987135,-0.26323733,1.395119
130,0.33842483,0.10322218,0.9901188,-0.45633474,-0.7714499,-0.16249368,-0.43253827,1.3547212,-0.6080635,0.75404507
131,1.5007925,-0.14867061,-0.3004504,-1.1557865,0.4459144,0.5389741,0.5671259,1.0911102,-0.8903435,-0.05950162
132,1.3699248,-1.3779099,0.27637327,0.11872613,1.2302189,0.09257003,1.0254397,-1.0291077,0.42668694,1.9354231
133,0.76026535,0.68202394,-1.3368046,-0.5205492,-0.5129748,1.1715848,3.3527412,0.2485947,-0.5127271,-0.2154101
134,2.1867397,-1.0283159,-1.2326868,-0.51566106,0.9401069,0.15723582,-0.32784054,2.1853845,0.53429776,-0.1787728
135,0.5018444,-1.1003141,0.392801,0.5268772,-0.9249286,0.123625085,-0.54616994,-0.06296316,-1.5649208,2.3969045
136,0.07619822,0.6812078,1.6083272,-1.359228,-0.023618251,0.36799505,-0.5839584,3.0494027,0.20195265,-0.97433
137,-0.70387065,0.8029414,-0.071276434,0.47861144,-1.4995179,0.5221876,0.276262,-0.06278266,0.66432405,2.5968618
138,-0.34896046,0.8909981,0.42161041,-0.3618122,-1.1770916,0.45421633,-0.9385482,-1.5381445,2.2425563,-0.54677564
139,0.63584745,-1.0520861,1.4482934,1.3990039,-0.5923089,-0.34257883,-0.8533292,0.58583844,-0.58955485,0.18558764
140,-0.34438086,0.1864185,-0.10591596,-0.31105796,-0.616626,0.32454392,-0.9336508,2.4906595,-0.12834708,0.6332215
141,0.832992,-1.6438452,-0.47145754,-1.3538263,-0.5945873,-0.23019475,-0.11819023,0.58161557,-0.22812825,2.363149
142,-0.651,-0.09074465,0.8116728,1.2172391,0.34514832,0.35681725,-0.22751114,0.53328043,1.0284475,0.07225533
143,-1.2841736,-0.4643513,3.8121228,0.9760599,-1.5860943,-0.095692575,-0.5040032,0.5395225,0.20500906,0.25483418
144,1.8138034,-0.8256896,0.2761339,-1.3300852,0.7299496,0.4045502,0.9218285,0.26336336,0.13076761,0.10647182
145,0.18707436,-0.29118538,2.5888586,-1.1396236,0.42871708,-0.4064816,-1.4206825,1.7626772,0.50145054,1.098437
146,-0.0024099946,0.18767986,0.4551634,1.1751435,-1.3579199,-0.34237316,1.3774126,2.626759,0.40681028,2.4103084
147,0.9870494,-0.42666394,-1.9997816,-0.69004226,1.9879836,-0.55365705,1.3812401,-0.36593765,-0.5273447,1.1262654
148,0.6858338,0.79457057,0.1984887,-0.16131017,0.4609316,-0.25963247,-0.05628617,1.0533442,-0.9383849,-0.1381422
149,0.62329346,1.7772602,1.5405606,2.0113811,-0.42545366,-0.30117828,0.40237653,0.21530062,0.783537,1.6787059
150,-0.89284444,0.15960437,-0.62490463,1.2548057,-0.8972238,0.34970424,0.59070086,-0.70195246,-1.2179215,0.10013517
151,0.9482544,-0.044014946,0.2318511,0.8342154,0.47451144,-0.5857121,-0.8416867,-0.16260602,0.8003161,-0.533794
152,-0.5508699,0.9032699,0.6553895,2.441428,-1.058424,-0.5882522,0.39096862,0.027531624,0.805616,0.88108987
153,0.73464984,-0.40991712,2.7208376,0.086224265,-1.2739837,0.3697745,0.571158,1.3024731,-0.588932,2.5979915
154,0.8911727,-1.187759,3.194035,-0.20348668,-0.34059036,-0.015166702,-0.46415967,0.25038043,0.9912424,-0.29046857
155,-0.62341624,0.51917595,2.186846,1.9825,-0.8700074,0.036447093,-1.6292918,0.41027197,-0.39883643,1.650362
156,-0.44089723,0.1914058,-0.86814624,0.44280747,-1.4092464,-0.56910723,-0.8207742,-0.7412295,0.17520863,0.823655
157,0.8128937,-0.3075512,2.0869534,0.04470703,0.4058593,0.19922087,-1.1798081,1.4460462,-0.42693087,0.29231015
158,1.4504757,-0.49893823,0.36783072,-0.16241422,0.7472631,-0.3130749,-0.55557215,0.08051309,-0.7222755,1.0077713
159,0.08748932,-0.115491,-1.4925157,-0.36524934,1.1310704,-0.17377862,1.0740234,1.3515404,-0.8808262,0.030615121
160,-1.3553293,-0.0018594787,1.5828068,-0.32178196,0.32874054,0.41684148,-0.1557872,-0.12212509,0.33795297,-0.31864184
161,-0.0076886714,-0.6969848,0.20758517,0.13275465,-0.8245121,-0.2729488,-0.2364437,-0.09513277,1.1756151,-0.7600839
162,-0.2192927,0.970065,0.43632078,1.5067449,-0.25731295,-1.4464594,1.1454484,-0.62929106,1.0216376,-0.39088503
163,0.100428626,-0.91524017,0.15426022,0.35583913,0.30973968,0.16020638,0.7495175,1.0351508,-0.66886437,0.96809334
164,1.2871648,-0.28440318,1.3715832,-0.18313642,0.88266504,-0.2456723,-0.716858,0.20269851,-0.42124912,2.034017
165,-0.08770791,-0.4476887,2.6225986,0.5383562,-1.0974302,-0.14401764,-0.06645137,-0.353926,-0.05337611,0.75359267
166,0.8966583,0.31516355,-0.7169067,0.27420148,0.270397,-0.38901317,-1.7008781,0.77084607,0.46313712,0.68758035
167,-1.178185,-0.71188986,-0.32511222,-0.58951753,2.4497604,0.5421857,-0.5380863,0.83744407,-0.20082557,-0.20206341
168,-0.39501214,-0.85706604,1.3050288,1.7016455,-0.28314307,-1.1847665,-1.4620056,-0.4373137,-1.2129347,2.3712132
169,-0.5492597,0.39572054,1.083757,0.04445386,0.3571542,-0.5009527,-0.45681378,-0.3375052,0.13213211,2.2830327
170,0.11631754,0.2912783,0.32468277,-0.16173628,-0.35272247,0.34689996,1.0154982,-0.5331656,0.1422992,0.05040106
171,1.535082,-1.6289506,0.6302328,-0.76402503,-0.3975305,-0.6081923,0.84105134,2.694879,-1.0082853,1.1708288
172,-1.4865366,-0.9492705,1.6746687,0.12246956,-0.0032737106,0.6886628,-1.3031728,1.3088473,-1.5419523,-0.40292883
173,-2.1820743,-0.71293247,0.3063826,0.36410773,-0.64440966,-1.3927598,0.7460072,-0.09813525,1.8132697,-1.1417977
174,0.88797927,-1.492005,-1.671296,-2.0900142,0.27354455,-0.06883384,-0.23344034,1.6951678,-0.38120636,1.740349
175,-0.8459703,-0.9377813,0.503943,-0.4416079,-0.21653263,-1.1299165,-0.2849467,0.056396395,1.4449211,0.56025
176,1.0959177,-1.8346038,-0.8357511,-1.6360776,0.72168356,-1.6392905,-0.9117651,0.45347384,0.3729658,-0.83087313
177,2.613966,-1.1171576,2.5271387,0.7664542,0.6471094,-0.42691627,-0.69687647,-2.19937,0.31336862,3.9645042
178,-0.4298246,1.1557262,1.3896956,0.58192635,0.35988078,0.3875068,2.005763,-0.67280114,-0.6145695,0.3576101
179,2.0186975,0.6172737,0.9903377,0.5308515,0.61087286,-1.3447376,1.8305076,-0.985204,-1.7320223,0.57033646
180,0.0949209,-0.1828692,0.99433637,-1.2254564,-1.2395627,-0.62803245,1.1966918,-0.4073497,0.07204584,0.04159192
181,-1.274903,0.6464796,0.7245437,-0.22458059,0.28403014,0.03185682,0.4145277,0.75765115,-0.15622075,-1.4723278
182,2.2376282,-0.018687636,0.8743207,-1.180718,-0.99749935,0.9223568,-1.5980966,-0.11546904,-0.30110034,2.7874048
183,0.7144363,1.4675179,-1.0868428,-0.9559419,-1.4863846,0.6205946,1.7946666,-0.5329035,0.024774894,-0.5400165
184,-0.29986072,0.6530756,3.2952814,2.1588614,0.050505877,-0.1600882,-1.5544221,0.84006715,-0.15794829,2.0504038
185,0.2959966,-1.0647858,0.046231627,1.0940957,-0.9133508,0.70512104,-1.1475283,-0.26711804,0.28786662,1.5610577
186,0.28436482,1.2933676,-0.8291969,0.8133457,0.61105484,-0.8917399,-0.6049493,-0.14639318,-0.5338477,0.7180935
187,0.17670614,0.03908789,0.56110656,0.5656723,0.9094758,-0.4204497,-0.3920282,0.69903916,-0.16319254,1.7376134
188,-0.47997338,1.9045969,-0.5306001,0.8471771,-0.8241621,-0.7678256,-1.4047058,0.4018548,-0.6299423,0.7361564
189,-0.64516276,0.18016988,2.4482102,0.6458987,0.23511732,1.079198,-0.616113,1.1816852,-0.44320425,3.189764
190,0.27803445,-0.6109197,-1.241405,-0.41475084,-0.48359513,-0.8066455,0.88260394,-0.1535146,0.5269321,-0.8375182
191,-0.808175,0.19407308,1.373992,0.9236486,-0.9902675,0.43297175,-0.50503623,1.0685768,0.092639685,1.7852489
192,1.3344066,-0.12282651,1.8342814,-0.12281554,-0.8813728,-0.61061245,3.162267,-1.6367903,-1.0009727,-0.24224561
193,-0.46207616,1.5984976,0.058193088,1.2890867,-0.33845586,1.3335915,1.1510934,0.038933337,1.3628742,-1.5738158
194,1.284417,-1.8274894,-0.5591698,-0.6667608,0.96193683,-0.34181792,0.7583963,2.6243842,-0.10799974,0.527934
195,-1.008734,-0.8394853,-0.8339994,-0.56598264,-0.7971741,0.45868888,2.456068,-0.68075883,2.066753,-0.6743994
196,0.28371447,0.6574928,-1.3042718,-0.7167275,-0.75977457,0.98022074,1.747185,-0.3393411,0.56500155,-0.20053235
197,0.31530213,-0.7136316,-1.512259,-0.41386443,-0.044141635,-0.11581558,0.6237109,-0.034809828,-0.53673,0.2910882
198,0.10898173,0.6209922,1.5761269,-0.11831719,-1.460713,-0.14930557,-0.38636932,0.13045797,-0.22715107,-0.4341988
199,0.5417576,0.56884,1.7102299,1.4343774,-0.33472806,-0.9837879,-0.8362062,0.80215836,-1.6233373,3.3471277
200,-0.2932016,-0.53177685,0.84913737,1.5097836,-0.33390093,0.7862195,2.3705413,0.7566013,1.8983021,-0.8839546
201,1.8144777,-1.7570999,-1.2874134,-0.029562127,0.4629001,-0.3021731,-0.2865467,0.46510273,0.83755803,1.1509898
202,-0.5907669,-0.9923488,2.0215456,-0.38436344,-0.57193387,0.410821,0.2197434,1.934708,-0.6025476,1.3344867
203,-0.34352994,0.38299567,2.4679263,1.3212248,-0.2627925,-0.035052963,-0.6735712,0.34499812,0.3918,1.4725949
204,-0.9156075,-1.0784714,0.044239998,0.6794988,-0.022631913,-1.5431532,0.60350347,0.94170725,1.2768178,0.21347153
205,-0.25009388,-0.06729499,-0.35859248,-0.9028448,-0.7040471,-0.26097706,0.9548029,3.1514423,0.26648754,0.14525682
206,-0.06695402,-1.1333904,-0.8170824,-0.7896807,-0.2557149,-0.23653817,-0.5319241,1.6859615,-0.65471315,0.86441946
207,-0.31677642,1.0794394,0.34637982,0.56506336,-1.705093,-0.64890605,0.4679346,0.37377355,-0.32880896,-0.25750023
208,0.682099,-0.77267265,4.0356035,0.82349396,-2.2843688,-0.06630672,0.077292025,2.0141685,-0.45334238,1.8680876
209,1.1600573,-0.47613767,2.4295437,1.3928688,1.164016,-0.7423451,-0.76542115,-1.0361749,0.42257535,0.4605999
210,0.38341472,0.6177659,1.6118988,0.21008706,1.5404642,-0.18059109,0.48580366,-0.7466414,0.8865695,0.55091906
211,-0.2865141,0.66545016,-0.9533659,-1.1326231,-1.4231781,-0.31268725,-0.5334497,-0.5239336,-0.41723275,1.4255371
212,-0.3901044,0.75314516,-0.74196297,-0.6338343,0.2874483,-1.0571096,-0.3982545,-0.30408484,1.180256,-0.5357428
213,-0.8851471,-0.52172554,3.0224166,1.1186289,0.20410931,-1.0389743,-0.75311565,0.47542673,0.7917528,0.9178895
214,0.75555974,-1.2976987,-0.39798075,0.052237123,1.0122142,0.1460698,1.7543482,-0.027316034,0.091800466,1.2515922
215,0.63551515,0.065445155,0.4396974,-0.60424674,0.7191448,-0.40101427,-0.44248194,-0.2903306,0.93192345,-0.79995894
216,2.676497,-0.44409597,0.022459067,-1.2784919,-0.588572,0.66438776,-1.4345863,-0.060272843,-0.9774501,1.1976563
217,-0.34547424,0.23151842,-0.45058906,1.6709541,-0.13520916,0.5724719,-0.20887884,0.3006044,1.5590582,-0.8760444
218,-0.4360946,-0.6344966,-0.2283048,-1.3839252,-0.20707797,0.8714657,-0.20210475,1.4305669,-0.5409322,0.44887006
219,-0.23389035,1.0026302,1.8247313,-1.885835,-0.24260862,0.2984505,0.004264623,1.377834,-0.43935287,0.20039628
220,-0.09365368,-0.09912199,-1.8073039,-1.8848644,-0.2715798,-1.5883688,0.2661102,0.7214972,-0.8620161,-0.52669716
221,-0.06767362,1.2168809,-1.0430725,0.6613967,-0.39709616,-0.6233068,1.8328556,0.23624244,1.3497736,-0.69537634
222,0.7240197,-0.11494696,1.3150789,-1.3945224,1.3034767,-1.1585404,0.3840834,0.1551618,0.047021776,-0.37691662
223,-0.32205626,-0.40628594,2.7712977,3.328989,-0.35247922,0.62990385,-1.933553,0.872459,-1.6519094,0.5049975
224,-0.53124845,0.20905986,-1.0537,-0.07805401,-0.19214153,-0.3604363,-0.7431119,1.9236242,-0.71337885,-0.684752
225,-0.4156573,0.3519719,1.1838078,1.8662901,-2.0200815,0.30617395,0.02942425,1.1261384,-0.7681029,2.3477848
226,-0.48348373,-0.3502954,-0.18252718,-2.339089,1.2156394,-1.4535208,1.5541044,-0.81302696,-0.110833675,0.21179903
227,-0.24298106,0.30887228,0.14927538,0.1784696,0.113776766,0.50732815,-0.299882,0.9096191,-0.7393875,-0.07109299
228,0.49928528,-0.39777938,1.2365615,-0.18698603,-0.15896279,0.9159291,-2.1234016,0.31336153,-1.3008665,3.1674466
229,1.4329326,-1.323263,-1.0030563,-0.107067406,-0.41043144,0.13257597,-0.373649,-0.89008904,-0.41769832,1.2458673
230,3.6661038,-1.824917,-0.8802495,-0.67687005,0.5946691,-0.286147,1.9868937,-0.787911,-1.8382342,0.2719361
231,0.6920274,-1.2772663,0.33367586,-1.1108478,0.7485942,-0.49110347,2.6307554,0.13520491,0.74711883,0.46224737
232,0.41591924,-0.89775574,0.21018663,-1.126323,-0.36042204,-0.2652851,1.2326691,1.3517909,-0.24051404,0.35912126
233,-0.58822405,-0.114992835,0.9638722,0.5089985,-0.21994093,0.577199,0.15996571,-0.7671101,1.2197626,0.10429144
234,2.4953134,-0.15067428,0.16113883,0.10155523,1.9540749,0.01043405,-0.0316844,1.9208117,0.2260617,2.3409734
235,1.7907648,0.43156642,0.059335113,1.9760544,1.7532941,-0.5833341,0.3901468,-0.42633402,-0.13206969,-0.24940336
236,-0.6465829,-1.0735152,-0.5253533,0.30240047,0.23677573,-0.8693276,-0.41624075,1.2144206,2.4844854,-1.03478
237,-0.4237839,-0.5539017,1.1239007,0.6642585,1.8676816,0.74105287,-1.587763,1.2145777,0.14089827,0.8857959
238,0.9091422,-0.9902255,-1.2886951,0.6150187,-0.59352136,-0.110195,-1.4615481,0.15034896,0.22419828,0.17267656
239,-1.2694446,0.979663,2.170945,1.5474488,0.013461351,-0.2749925,-0.35807493,0.31746614,0.55830556,-0.5297946
240,-1.3237008,-1.444391,0.39538902,-0.16626975,1.3382746,0.3832023,0.5995406,-0.0967957,0.16148812,-0.42072523
241,0.0013360381,-0.37450433,1.9296606,1.1456609,-1.9816648,0.09515621,-1.1692412,0.38297412,-0.72544926,2.3652425
242,-0.6397589,-0.75937957,-0.8804935,0.74629545,1.1841223,0.79730606,0.021706581,-0.21971941,0.49266618,-1.8609515
243,1.6120661,0.3920783,2.1216793,0.5068048,0.26636085,0.69903356,-2.1208673,0.7124021,-1.5621682,1.8309834
244,1.3754265,-0.5943005,0.91219336,1.1307305,2.684967,-0.3866293,0.14801967,0.9137414,0.4402576,0.46291217
245,-0.8286722,0.699464,1.6403348,0.10938293,-0.6569551,1.7890391,-1.5434363,-0.5807612,1.567878,-0.9947303
246,0.6453552,0.6948023,-0.7039727,0.47879505,-0.6234058,0.33423543,-0.95254505,-0.982388,-0.7565733,1.0510858
247,0.33821344,0.7930211,-0.96901274,-0.6700469,0.36620188,-0.30960646,1.0600344,-1.3103997,0.17842448,-1.4287229
248,0.7635163,0.46607757,0.18295771,-0.82851017,1.7535383,1.0715679,-0.14053161,1.748576,0.3180005,-1.008697
249,0.31920522,-0.23895556,1.0265324,-1.0083599,0.93981683,0.27089372,0.33501452,-0.89687014,-1.4891429,0.41972387
250,1.1372113,0.7266423,0.09924498,-0.2244001,0.23250508,-0.98879707,3.3012285,-0.2235083,-1.304517,0.3794855
251,-1.3655454,0.10204595,0.8856784,-1.0667181,0.35224593,0.005439602,-0.050795734,-0.36098832,0.10568458,0.5729864
252,-1.8013734,0.37133452,-0.5646306,-1.3171122,-0.45910248,-1.4442282,2.9181304,-1.2985902,0.5397743,-0.6154717
253,3.4497879,-0.86159456,0.83437705,0.08210033,-0.27691162,0.3242225,-0.8331982,1.4744447,-0.033343256,1.7108946
254,-0.22069052,-1.335485,0.19905007,0.5933075,2.3056443,-0.8829251,0.33215758,1.1538507,1.3971833,-0.2816368
255,0.08084625,-0.63089144,-0.36501443,-0.8662149,-1.377358,-0.26125097,-0.6301436,0.30626154,-0.6263158,-0.35333747
256,1.0567846,-0.46948934,-0.38038135,-0.17642787,-1.7133616,1.0612079,-1.0866052,-0.045226336,-0.43563834,0.7925699
257,-0.23419082,0.063471675,0.5807525,0.684012,-1.1839566,-0.24468422,-0.28267792,0.8134953,2.1582713,-0.99334836
258,1.7565598,0.13418484,0.53573227,-1.0668907,0.42152476,0.22512168,1.5954237,-0.11374658,-0.25175902,-0.32427925
259,-0.29879883,-0.45697457,-1.7570693,-1.1396214,0.1995021,-0.5187723,0.77489924,-2.887053,-0.032323778,-0.43860382
260,-0.20379663,1.473427,0.45175588,0.16739124,-0.7570778,-0.60502166,-0.48146734,-0.38019657,-0.15289523,1.7026803
261,1.662585,1.0063064,-1.7188106,0.80163026,0.18079251,-0.48690113,0.55897063,0.6544833,-1.119742,-0.91532207
262,3.4632583,0.15262592,-0.4005243,0.08515078,0.65197265,0.5656844,0.13510627,0.62695,-0.20440221,1.7829938
263,-0.04810223,-1.2046437,-0.4514261,0.14739433,-2.432032,0.22137515,-1.656084,-0.30879074,2.1290035,1.0579754
264,-1.085084,0.021166116,1.3824911,1.5162027,1.3235539,-1.7354589,0.06354685,-0.0026092827,1.8030597,-0.27440232
265,-1.147354,-0.06913822,0.63955486,-0.8096204,-0.16926599,-0.3340967,0.46238822,0.618152,0.27057695,0.8622176
266,3.0293717,1.0238993,-1.0026809,-0.9169849,0.9604825,-1.4547808,0.89914,1.3173498,-0.9691503,1.4434104
267,0.4077277,0.48900098,1.3234127,1.4638059,0.26673317,0.9838676,-0.8962903,1.5377707,-0.27661508,-0.22044921
268,0.46921962,-0.23999865,-0.018987603,0.7814964,-0.1337179,-0.23523301,-0.9263208,-0.8116722,0.7376574,1.1022214
269,-0.4872354,0.6975167,-1.2573818,0.9107462,1.6824583,0.1806249,1.1340805,-0.22055462,0.21082246,-0.85376906
270,0.81687367,-0.6108961,1.4907866,1.1545283,-1.0187963,-0.5927667,-2.4653878,-0.5137676,-0.19039226,2.9311874
271,-0.54537636,0.5281173,-1.5169548,-0.35612962,0.3444566,0.6468613,0.025320888,1.5009786,-0.11448462,-1.3945367
272,0.079616785,0.12021023,0.22544861,1.2983985,-1.9095802,-0.16464852,-0.41382015,-1.2415469,0.38150162,0.3749885
273,-0.4389946,-0.29779273,1.9371561,1.2959199,-0.14470804,-1.3961984,-0.34733206,0.33870715,-1.0242476,1.2055041
274,0.3493886,-0.8510056,1.6982639,-0.66762155,-1.8163905,0.662232,-1.2679539,1.4394624,-0.06844722,-0.30377614
275,-1.3877947,-0.27827525,2.8031008,1.1358604,-1.1200626,-0.20071612,-0.31761533,0.2805636,0.76168376,1.6106056
276,-1.2447007,-0.9357694,0.5305532,0.54066217,1.49568,0.07592176,-0.22384605,-0.46528655,0.98871505,-1.0528055
277,-0.7641158,1.5660695,0.2301692,-0.08352101,-1.7693245,0.90309393,-0.43561047,0.17126647,-1.4739983,1.3735855
278,2.6484985,-1.2869012,-1.2374781,0.25250047,0.32050103,1.3347623,0.048975706,-1.2956563,-1.1329014,-0.26199627
279,0.30164933,-1.4351199,-0.938264,0.08990526,-1.0871762,-0.12720409,-1.0878668,0.7691405,-1.1061559,0.008631349
280,-0.11874089,1.3758442,-0.7556294,-0.44586188,0.73393244,-0.63025206,0.08812736,0.9886471,2.3614821,-0.18309462
281,0.73449475,0.36224756,1.8377858,1.3565845,0.12934464,0.14272863,-0.33459434,1.4397265,-0.83558226,2.0800471
282,-0.21398908,0.9448732,-0.12152904,-0.5795243,0.94355226,0.102664605,-0.58289635,-0.42254934,-1.0716529,1.7375103
283,-1.4319556,0.073871076,0.60888445,-0.61332655,-0.7612065,1.002535,0.38358277,-0.027267613,1.2667589,0.23579523
284,0.3404841,-0.12424712,-0.037430406,0.5959535,-0.7465272,-0.23753817,0.0010706186,-0.5203909,-1.4531064,1.4281739
285,1.2600882,-1.8535352,-0.23369217,-0.40910012,1.7531326,-0.3492224,-0.79291624,0.9399713,-0.09412563,0.6575661
286,0.7031722,-0.58326495,0.09793788,0.3482468,-0.16294622,0.61262083,-1.1618423,-0.48958674,0.28835577,1.0518398
287,-0.44209266,-1.8354155,0.5578615,0.5409503,-1.2498442,1.3678545,-0.12420985,1.9229189,-0.25679332,1.8930006
288,1.3956132,0.7091911,-0.14237633,-1.5245457,0.5484412,1.0683366,0.5042841,2.675845,-0.0658472,-0.44554478
289,-0.85763645,-1.454445,-1.0870116,0.65473545,-0.034962535,0.60681784,1.2467867,2.2232287,0.97836035,-0.16281682
290,-0.9352216,0.24870743,-1.4233177,-0.71283686,0.8249932,-0.45699072,0.44641155,0.45503312,0.32801098,-0.5184203
291,-0.78679407,-0.24207361,1.8681084,2.6384265,-0.62031114,-0.49123365,0.23645961,0.4507366,-0.04148612,-0.32413504
292,-0.37702823,-0.4097739,-0.44765598,0.53681034,0.78663146,0.21987368,0.77471524,0.23439443,-0.68590856,1.116978
293,-1.5723678,0.21371502,-1.1397383,-1.3163096,1.1012933,0.4145659,0.3276323,0.8318693,-0.54280365,-0.9626639
294,1.8278005,-0.61372834,-1.7197394,-0.7105577,1.0722166,0.20097062,0.083694056,2.3888168,0.29830617,0.47827908
295,0.41163272,-0.84053236,-0.48267102,0.7190922,1.1256866,0.06744694,-1.3614798,0.3368519,0.11410797,2.2716136
296,0.91918194,0.46104246,0.051806152,0.36292845,-0.10687964,0.76668376,2.3261452,2.3968816,0.15721941,-0.26989
297,1.7987702,0.34570873,-1.2643895,-0.4831124,0.5341537,-1.2208316,2.108331,0.1879695,0.96697426,0.4409189
298,0.7866098,-0.10773714,-1.092951,-0.25861996,-1.7996324,0.8848131,1.1950026,-0.66515476,2.1639323,-0.0045975745
299,1.0138807,0.405529,0.25572965,0.3750486,-0.32358858,-1.1845324,0.5439698,0.91318536,-0.6160118,0.83826506
300,0.7933259,-1.9082217,0.8866642,0.50897276,-0.9162291,0.6723211,-0.9133426,1.5549657,0.004222274,1.2646078
301,-0.33224767,-0.13078167,-1.5844866,-0.5480556,-1.0841517,0.9261963,1.8162835,-1.1292887,0.15600783,2.9999843
302,0.7241471,1.5336448,1.9915955,-0.54157585,1.1713525,0.039201267,1.4587451,0.520126,1.2767209,-0.9930124
303,0.17002782,-0.005616963,-0.7703322,0.31493422,0.8337042,0.16271225,-1.101675,1.4441141,1.0020239,-0.079236224
304,-0.09304342,-1.129102,-0.9054803,0.2667398,0.18309206,-0.19418557,0.908922,1.2053623,-0.1871354,0.31778213
305,1.5297693,0.10554926,-0.9973613,-1.2584997,-1.6503495,-0.00275488,1.9057946,-0.76166093,-2.120332,0.9324286
306,-1.0849898,1.7554747,1.0266008,0.25970858,0.5227604,0.2643632,-0.017464519,0.7581253,-0.18179947,-0.6065784
307,0.011705965,-0.16588807,-0.65884197,-1.1482651,-0.73672575,-0.19003722,2.5753918,-1.5261563,0.678728,0.03974986
308,3.1973147,-0.6460653,1.9683266,-0.34091416,2.5898042,0.03131638,-0.3442896,2.0558143,-1.1199853,0.3694919
309,0.559489,0.4150952,0.070958786,1.2338014,-0.48445103,-1.0747081,-0.9353602,0.62681425,-0.98845136,1.8127187
310,0.03193584,0.92132044,0.52398896,0.92044413,-0.71423286,-0.8762703,-0.585513,2.1298437,-0.36456764,0.53839123
311,3.0662994,0.58934754,0.46185708,-1.7289724,0.4606422,-0.30726573,-0.45727146,1.1625229,-0.78778106,3.376889
312,0.9124925,-1.4514191,-0.5293827,-1.1640435,-0.029408898,-0.22347465,-0.9403753,1.055862,0.36044937,-1.0135859
313,1.6865652,-1.8289901,-1.9185984,-1.1233525,2.383215,0.9099712,-0.1416224,-0.29476714,-1.102631,1.3378538
314,0.13495195,0.8950037,0.3733498,-0.9612512,0.24821894,0.07333512,-0.8124759,-0.23573059,-0.3569333,0.98798215
315,1.6669459,-0.17826748,-0.2912191,-0.8430017,-0.4772054,1.1153321,-1.0591245,2.6998968,0.6326146,0.6479282
316,-1.7460833,-0.79102445,1.2177322,1.4179634,0.5364526,-0.22736901,-0.8343668,-0.5459919,1.5048376,-0.26554206
317,0.12062664,-0.9348298,-0.8966259,0.21044628,0.14227906,0.15165262,0.2922768,0.20648053,-1.6420135,0.91745126
318,0.49049318,1.5474946,-1.0378366,0.21043918,1.1838856,0.21215318,0.42441034,-0.3705225,1.1462129,-1.1093712
319,0.621521,0.4985159,-0.3559279,-1.1471157,0.079524934,-0.4879746,2.026923,-0.8029221,0.5324634,-0.38255233
320,0.2965554,-0.2716163,0.5527674,0.8479494,-0.29981142,1.0904355,-1.4984589,1.2834136,0.8083618,-0.67962575
321,2.5872772,0.23794222,-0.8854964,-0.5388389,0.25491112,0.5790064,2.358739,-0.111901954,-0.9909016,0.9390849
322,-0.5624866,-0.68479586,0.21232802,-0.40896395,0.47368938,0.26014298,0.23011614,1.2393017,1.648074,0.3724091
323,0.463641,0.22803283,-0.55998576,0.12895301,-0.53949744,1.081075,0.58242,2.19259,1.6877041,0.86404026
324,2.2695863,-0.82043266,4.364017,1.3173227,0.91544366,0.34671327,-0.72491395,0.049872488,-0.93068284,2.9195952
325,-0.6118833,-1.8316594,2.2454488,0.12619185,-1.0286889,0.29876164,0.837646,-0.06922397,0.97636986,0.50997686
326,-0.40585524,0.5284229,-0.062951684,-0.12867735,-1.0525405,0.16775441,-0.55908155,-0.61052024,-0.23403811,0.39039987
327,-0.31355628,0.923119,0.9878183,0.09231681,-1.5146512,-0.4402854,-0.81416667,2.1119974,-0.4479293,2.5409594
328,0.10278103,1.3378296,-0.0005380213,-0.06582993,-0.50180584,0.66703635,-0.6372545,-0.2877489,-0.5441263,1.7736082
329,0.7266774,0.6243116,0.1335018,0.9432021,-1.346318,-0.935563,-0.2841272,0.30247378,-0.06673459,-0.22804798
330,-0.42918247,0.06788218,-1.0259387,0.96412003,-0.93638027,0.7368259,-0.81720614,1.1528661,0.33865845,-0.41266215
331,-0.03259152,0.6723771,0.6227452,0.94817746,-1.4081613,0.7190721,0.030842155,1.4813759,-0.10999007,0.21631317
332,-1.020073,1.5574113,-0.6708853,0.9171834,-0.149932,1.2233573,0.5402348,-0.58144516,1.7291926,0.98729473
333,-0.33886546,0.7480417,-0.9614789,0.17584828,3.5508103,-0.67742157,0.3426936,-0.42521936,2.1284168,-0.71186286
334,-0.34537554,-0.12960526,-1.0311567,-0.9130125,0.05150932,0.19136542,0.7714661,2.6844,-0.5909813,0.81076217
335,0.97362626,0.06539416,3.090536,1.6879153,2.1591036,-1.1022124,0.052802026,0.14354181,-0.87141776,1.5200679
336,2.1347954,-1.7500117,0.94825125,-2.1586843,-0.11337066,0.20224506,1.0029832,1.175156,-0.124637485,1.3335626
337,-0.07366902,1.0059013,0.0518628,-0.17893375,-0.0043960214,0.4006185,-0.5210615,0.4869132,-0.29481018,-0.43490225
338,-1.0885788,-1.2018038,-0.57763994,-0.095481105,-0.4933807,-0.7533553,0.39309233,-0.68684477,-0.91469115,0.44408536
339,-0.33493334,0.13641064,-0.56579846,0.56239563,0.89951736,-0.31686547,0.629199,-1.1392391,1.175063,-1.0947481
340,-0.88936687,0.29946172,-1.2532966,0.42012554,-0.47555053,0.40678784,0.32320905,0.36003774,1.0445454,0.41023815
341,-0.092102885,0.0524258,-1.1814109,0.024342373,1.3229258,-0.29327017,0.97021186,-1.4361585,-0.28291237,0.06188053
342,0.23269174,-0.7963468,0.091919184,1.0759232,0.47312522,-0.15465988,1.2690966,0.093626104,0.63585645,-1.466135
343,-0.56605357,1.1671492,-0.23314077,0.30783775,-0.33936948,0.27935502,-0.002957046,0.4265549,1.065984,-0.5206349
344,1.8904725,0.35326165,2.614315,0.12718041,2.6146312,-1.2735486,-1.1867344,0.08514488,-0.16140866,1.1695238
345,-1.7038692,-0.91160035,0.9345299,-0.67574596,1.0426562,-1.5269227,1.2568719,1.8098674,1.3226116,-0.5750926
346,-0.36617908,-0.17594954,1.6675385,1.2373438,-0.28934002,1.036458,-0.2135691,1.9588869,-1.4499853,2.0774043
347,-0.34835124,-0.5461755,-0.30183887,-0.008521408,-0.3454063,-1.4321002,0.2375587,-1.2695513,-1.0092924,1.0083241
348,-1.8722973,0.6461818,-0.8440525,0.91054153,-1.388531,-0.4264132,0.2613129,0.064078666,0.42726946,-2.205289
349,-0.65619755,-0.84188443,-0.10413402,-0.41898006,-1.2753373,-2.1874838,2.8925362,-0.22752175,0.4940496,-0.1727274
350,-0.42188615,-1.535057,0.15032768,0.04465705,-0.89004636,0.057830557,-0.6918539,1.1547652,-0.286897,-0.063830346
351,-0.8582704,-0.03452293,0.52991927,-1.3364574,0.68915844,-0.148709,1.1868591,-1.6768018,1.1672928,-0.5040038
352,0.021716535,0.95754874,1.8090993,0.4074195,0.20395473,0.3540385,-1.0639839,0.8795222,-1.0949249,-0.13215958
353,2.5433495,-0.3668161,0.4660868,-0.7249135,0.037089337,0.05997798,-0.20890352,1.3622576,-1.1564671,0.8149132
354,0.8823683,0.14969335,-0.4700768,-1.8910049,1.588156,-0.25355756,1.8090909,0.57348025,0.6262821,0.6304295
355,0.024722151,-0.104180425,1.3839114,0.11610246,0.43295017,-0.43866393,-0.6832446,-0.7568593,-0.5169271,-0.63718903
356,-1.1202857,0.35802826,0.4616297,1.1523623,0.1451019,1.3196249,-0.52621126,-0.4194457,-0.9420356,-0.8089835
357,0.09865786,-0.99616593,0.3358086,0.09090823,-1.186621,0.984656,-0.20521238,-0.008958846,-0.10692327,1.1351594
358,-0.4679793,-0.6262723,-0.18210389,-1.0598893,-0.6703201,-1.8033017,-0.20696533,1.8911049,-1.2958918,-0.66983014
359,1.7288959,0.16204393,-0.44671577,-0.90936786,1.7303941,0.6713416,1.9218805,-1.9164594,-0.6276437,-0.2745647
360,-1.1049644,0.3926803,-0.34602967,0.46360317,1.3557521,-0.9143736,0.40051255,0.46006063,-0.35883737,0.5871205
361,1.5311265,-0.39164218,0.51083803,-1.1325945,3.519681,-0.685172,1.8350649,-0.59317136,1.1405467,-1.4628631
362,-1.2846242,0.7239815,-1.4436173,-1.809908,-0.45624804,-0.83295155,2.4695628,-0.90718603,-0.10827815,-0.018989027
363,1.6733909,-0.24448505,-0.60523504,-0.5638899,1.0160233,-0.6714063,-0.50984305,1.3305368,0.1261116,-1.0958962
364,-2.00041,0.26752657,0.81649226,-0.2605908,-0.4658794,-0.93753016,2.7366173,-0.19133323,0.59815806,-2.2601566
365,0.29574287,-0.91413814,-0.14556858,0.18903977,0.4774145,0.89388114,-0.08080658,2.0522692,-1.026362,0.8376604
366,1.5697004,-0.19286194,2.5052006,-0.32168755,0.38961712,-0.87305975,0.2501381,0.6132503,-0.2704627,0.35748753
367,-0.3711865,0.8010534,-0.8827205,0.6819093,-0.37285572,0.32222134,0.3725078,-0.7918108,-0.43733338,0.31907487
368,1.5539782,-1.5747789,1.2930222,-1.2782323,0.77076507,-0.89295155,-0.13338709,0.47950977,-1.217144,1.6406049
369,-1.8096251,0.16090252,0.1573701,2.1478276,-1.0654354,0.37339193,-0.037555903,0.75975794,0.63506263,2.261572
370,0.8251847,-0.23639405,1.7746019,1.5621126,2.1553614,-0.9124891,-0.92448974,-1.6288173,-0.15715179,2.879159
371,-1.5088277,-0.7831768,1.0455587,0.44068438,0.39055216,-0.052918896,-1.2776395,-0.6665805,0.69150037,-0.077994764
372,0.07513368,-0.28966483,-0.22424406,-0.9057653,-0.15523142,0.9994275,1.2969841,0.25856888,-0.53416836,-0.6964534
373,-2.6471996,0.47028917,-0.027314574,0.41023058,-0.24242565,0.033044666,0.51715076,0.37090385,1.201669,-1.0279403
374,1.2720984,0.0059201717,-0.63992023,0.10601422,-0.21185648,-0.16861638,-0.21423176,2.139298,-0.57500494,-1.5996735
375,0.47427446,1.0912566,-0.91195416,0.11286074,-0.5192328,-0.3434692,4.2334642,-0.27443272,-1.8628352,-0.2994396
376,-0.9306791,0.49528652,0.55693924,0.717582,0.08754453,0.88773876,-0.15625232,1.5075207,-1.2538388,1.9367574
377,1.029296,-0.44595152,1.8869874,1.0932508,0.03216321,0.31222904,-0.6217706,-0.48538345,-0.63734955,3.895791
378,0.4073875,1.751121,-1.4718221,0.66021216,1.0623345,0.09943776,-0.25829053,0.8270701,1.3943958,-0.8579527
379,0.48962057,1.6793556,1.0843568,0.09531209,0.14552823,0.9363474,2.4459083,-0.59475416,-1.0844067,-0.808527
380,0.30611038,0.7649132,0.3672776,-0.48957774,0.20661029,1.5252018,1.1270542,-1.1600028,1.4173244,-0.5211537
381,1.052518,-1.9094695,0.46364605,-1.1983975,0.9615989,1.0670238,0.765535,2.4154816,-0.11786875,-0.3057799
382,-0.7186666,-0.99542034,0.7275484,-0.3960842,-0.5820022,-0.4795348,-0.5356438,-0.15658033,-0.67423505,-0.70688397
383,1.4209694,1.0733763,1.1107401,-1.6877599,-0.15602171,-1.1086637,1.8788738,0.33853558,-1.059294,0.2853754
384,-0.75157726,1.5876772,-1.1376809,0.049975008,-0.009260744,-0.8327544,0.51930046,1.1199448,-0.08030446,-0.26046947
385,1.0218374,-1.2647797,1.9986954,1.0302055,-1.263539,0.5735865,-1.4764159,-0.35925835,0.42130253,0.2093885
386,1.6674267,0.28428227,-0.21735442,-0.80399483,2.3922288,1.2116091,-0.074548006,1.2867724,-1.8231738,0.81384635
387,-1.2243505,-1.3398032,-1.5728185,0.05543354,0.5120406,-0.9463474,0.9565549,-0.45787466,-0.272738,-1.6753358
388,-0.5600929,0.44794333,2.6061635,2.3235216,0.49672627,-0.5274882,-1.0684936,2.6024394,-0.6109497,-0.29208744
389,1.1713089,-1.2196395,-1.4482665,0.07994285,2.715773,0.10702153,-1.1214322,1.301962,2.686604,1.415269
390,-1.5931625,-0.07460688,-0.14518163,1.2722064,0.97037745,-0.024846705,-0.7581201,-1.4540081,2.0101786,-0.8276381
391,-0.19786693,0.4747678,-0.2717614,-0.072412685,-1.1912761,-0.8557828,-0.48784375,0.06771882,-0.16600627,-0.29990348
392,-0.37944216,-0.38355082,-0.7426885,-0.72556573,-0.45919067,0.766048,-0.62721467,0.451499,0.59936893,1.7279103
393,0.33798593,-0.44430125,-0.18875507,1.6092699,-1.4143279,-0.014913153,-0.17547303,1.0821335,-1.4311438,0.32243818
394,-0.6018011,0.7054877,0.75938064,0.5483986,1.321598,0.8439649,0.0678291,0.8461315,-1.6862497,2.856867
395,-0.73481894,0.54537666,-0.24399623,0.6869702,-0.90255857,-1.5792909,1.5604461,0.15707818,0.27525353,0.3329907
396,-0.3358998,0.02368313,-0.0756433,1.3164914,0.33278507,1.5196186,0.2821272,-0.43068373,-0.15918608,0.58586127
397,0.5227564,-0.3700592,1.3279902,-0.08106862,-0.4178056,0.090173654,-0.05077672,2.1240826,-0.0033360124,0.41817507
398,-1.3557374,-1.2317096,-0.05677931,-1.1479304,0.65124226,-2.1403663,1.0559125,-0.747923,1.499818,-1.0077889
399,0.10179846,-0.7366004,-1.0315349,0.10709785,-0.8872786,0.19542436,0.67772365,-0.2650508,-1.5369879,1.4725833
400,0.33789632,0.7826673,-0.07608229,-1.0790517,-0.025624722,1.1921438,-1.342488,0.55475587,-0.4354636,0.92219275
401,0.053061843,0.7957542,-0.20005515,-0.18442537,0.75538886,-0.104035154,0.37451974,-0.18399319,1.4066213,-0.7347007
402,0.2500532,-1.2109976,-0.33192366,-0.13250592,-0.032527775,-0.05473297,0.81287193,-0.4013687,0.14369373,-0.5297908
403,2.384095,1.2691367,0.6478291,-0.3557657,0.4821504,-0.08099983,0.11654445,0.5633261,0.15284276,0.23253667
404,-0.17349526,-0.25510532,-1.1400306,-0.8050498,-0.7579901,1.1969134,1.7874904,-1.7645259,0.16852808,-0.7172161
405,0.44643518,-0.0998777,0.8740381,1.5929193,-1.9696431,-0.8403934,0.02462019,-0.18477447,-0.26575816,1.0022807
406,0.78290623,-0.11480862,0.6343245,-0.69641376,-1.0228803,-1.0141287,-1.2047994,2.7240903,0.6722659,0.23360805
407,-0.24377169,-0.4372784,-0.54679585,-0.621512,1.2212012,1.3933952,0.8808894,-0.39159995,0.56731945,0.5107906
408,1.1929048,-1.3751185,1.0007726,-0.09213793,2.0024507,-0.13416182,-0.3782307,-0.65937126,-0.48085442,-0.068056285
409,-0.33787555,-0.917719,-0.7183297,-0.1584532,0.9882793,-0.9684041,-0.32691258,-0.2584486,0.9186885,-0.17936713
410,-0.0952881,2.2393079,1.8928239,1.6466774,0.33687878,0.8722839,-1.0357003,1.2504796,0.75727785,-0.5275324
411,2.0403779,0.13377485,-0.94352794,-0.31425512,-1.1697029,-0.25630298,-0.4172883,-0.9280304,-0.10543144,1.9729205
412,-0.23132612,0.787034,-1.2666547,0.073461294,0.1961227,-0.6027645,4.1431007,-1.2083948,0.59730935,-0.37132138
413,0.7421607,0.58502424,0.031150803,0.74663246,2.2130044,-0.5145414,0.9143633,-0.3558476,0.11751385,0.6613389
414,0.40340903,1.669577,-0.5300658,-0.041389167,-1.928709,-1.3895396,2.6553411,-0.61541116,-0.3115675,0.07872317
415,2.2114446,-0.97702473,0.31207886,1.0992329,0.5805561,-0.2783068,1.4037929,2.1829994,-0.3110143,1.3341508
416,0.36392036,-0.5528606,0.9769236,0.19351214,-0.3686433,-0.45451358,0.1656341,-0.34194797,-0.591582,2.6485307
417,-0.9378282,-1.017262,0.7126242,0.52283263,-0.16940916,0.6563255,-0.28126284,1.768395,-0.5214048,0.6151091
418,0.008501738,0.18337387,1.5164583,0.31550866,-0.23120862,0.66730607,-1.3837934,2.2237332,-0.27404672,2.579436
419,-0.17294799,0.017056048,-0.33679923,0.8912118,1.8614236,0.247241,-0.1854111,-2.6294875,1.4825163,-0.18666083
420,-0.2897072,-1.2435904,1.1102375,1.1371112,0.056233823,0.6371579,-0.5277211,-0.8395473,0.4034649,0.1308331
421,1.0193142,0.2556537,-0.96776855,-0.21101362,-0.18522787,-1.2102398,0.44986302,-0.09919605,-0.25558248,1.534224
422,2.7900996,0.10002625,0.4141158,-2.0961916,0.71157634,1.6780785,-0.038622975,2.1840882,0.9648615,-0.41960132
423,-1.0381658,-1.1574147,1.158432,1.8009455,-1.1068869,0.20414646,-0.14235207,0.057279423,-0.48592576,0.31713182
424,0.2541951,-1.2203497,-0.12081438,-0.827911,-0.6480394,-0.3120092,0.41393054,-0.4862563,1.1445726,0.20611039
425,0.6020453,-0.54112935,-0.3542079,0.8588509,0.3702295,2.3130324,-1.6849462,-0.8208908,-0.51739514,0.67851603
426,0.64516246,-1.8424528,1.2499909,-0.30943653,0.5998639,-0.07939332,-0.8831408,2.1419168,-0.6022251,1.4873905
427,0.44188783,0.033020288,-0.9080224,-1.0667955,0.08195371,-0.37166625,1.1446265,0.47197753,-0.41153914,-0.34868735
428,-1.3019431,1.5780326,2.960333,1.6045882,-1.7121744,-0.42443046,-1.0333576,-0.30675948,0.33243316,-0.9454943
429,2.105472,0.13436157,-0.37238356,-0.10222864,-1.3149955,0.09893484,1.8484188,0.4675808,-0.6462592,2.1272213
430,1.7286822,-1.3333343,-1.4058201,-0.5949907,-0.2302257,1.3507103,2.3832753,0.5295592,0.423315,1.1010482
431,-0.48305172,0.67441624,-0.69363236,-0.3444222,-0.43090957,-0.48438463,-1.1724094,-0.56181496,-1.5527154,2.086584
432,-0.86578345,-0.13240929,-0.21698868,-0.038873196,-0.61656564,-0.114861965,-0.4210484,2.2940886,-1.6091899,1.0110214
433,0.67463803,-0.42676812,0.9728243,-1.3291336,1.1060156,1.5320169,0.23049694,-1.6015353,0.34914142,0.8891228
434,1.5708523,0.28575253,-1.4073653,-0.45871446,1.0364537,-0.2405042,0.31543785,1.6500018,1.8896737,0.4406844
435,0.046684593,1.3485634,0.70804936,-0.15174621,-0.62960225,-0.59104306,0.23109972,-0.37632355,-0.75627136,0.3956802
436,0.9358895,-1.5024053,-0.86151606,0.16140598,-0.16666901,0.25188506,0.022227317,2.2198148,-0.8103733,-0.18503845
437,-0.08602029,0.95440733,0.03876376,-0.32777473,-1.8677294,0.5258813,0.14913486,0.982851,2.415947,-0.64507735
438,1.454736,-0.9463829,-0.6404766,-0.75054073,0.49192372,-0.89607674,0.8324758,0.3116272,-1.6167779,0.54067045
439,0.55649084,1.408877,0.4337002,0.0909117,-0.5887425,-0.11212302,-0.5919919,-1.4224207,-3.0725894,1.3538414
440,-0.799519,-0.5494009,1.2601283,-0.21707103,0.13196689,-1.2874889,-0.50641227,0.1720101,1.4554511,1.7235583
441,1.2699025,-0.5538838,0.5463622,-1.9096918,1.7528492,0.41744676,1.6330262,-0.77404547,-0.2860973,0.4374345
442,-0.831999,-0.25584105,-0.40103218,-0.5676974,0.2851708,0.51000005,-0.95795876,-0.32965788,-1.1064056,-0.5089649
443,1.8776971,-0.19014367,0.16102338,-1.9571908,-0.45689648,1.4177902,-0.6619608,0.6579318,-1.5506134,0.5035271
444,-0.22721505,0.6228622,1.5795646,0.23832294,-1.5649068,0.9875607,-0.629715,-0.087237656,0.9843555,-0.56819856
445,0.92453957,-0.7860704,2.1086326,0.1304166,1.4878464,-0.049894396,-1.0906699,-0.96513397,0.22408268,1.5056818
446,0.3189024,-0.9165351,0.16344944,-0.63380826,1.1451192,-0.05760667,-0.741101,1.8805233,-0.8449871,-0.5805696
447,2.8616471,-1.1173339,0.5457001,-1.2682287,0.11614412,-1.7114668,0.0363096,1.6156813,-1.6728461,1.4996907
448,-0.25081038,0.6641657,1.0695332,-0.33282503,-0.8592855,0.37352052,2.4491882,-1.1454139,1.4123714,0.45051682
449,-0.2216953,-0.06691891,-0.0067249537,0.24933851,-0.810668,1.0644151,-0.83598113,-0.99767333,0.4167807,-0.2113198
450,0.8873489,0.7557794,0.6932008,-1.419155,-0.5963,-0.6725203,1.26546,2.0188634,0.826639,1.0845096
451,-0.4612598,-0.6877827,2.176063,2.9662786,-0.58291656,0.44209713,-1.570987,-0.48384836,-2.0611334,2.7659686
452,-0.9240215,0.33446884,1.7568879,-0.008742511,-1.13865,-0.81719023,-0.8016263,2.0981383,-1.2137036,-0.38580468
453,0.5789074,-0.36680436,1.8898456,2.6774843,-0.029683262,0.06333719,-0.57449687,0.039828017,-0.66527367,2.2839987
454,0.85008526,0.40803683,1.1369079,-0.07869272,-1.8970859,-0.12424298,-0.48062983,-1.2394862,0.048003852,2.446762
455,-0.17591059,0.33825308,0.045843482,0.050032526,1.4354092,-0.4929603,-0.7189079,0.49209258,-0.4008137,-0.04500225
456,1.4333361,-1.8391669,-1.9111714,-1.5912546,2.4140158,0.4522959,1.1450393,-0.2626212,-0.07297462,1.3552903
457,2.235858,-1.2652752,3.27918,-0.8753356,1.0191965,1.33642,-1.1827149,0.4113567,-1.3547021,1.2038878
458,-0.39265698,-0.37086615,-1.3045913,-0.3395707,0.4739521,-0.28128883,-0.56144285,1.5857286,1.7343576,0.33710793
459,0.36699584,-1.4561927,1.1247264,-0.27123934,-0.69323826,-0.7400732,-0.4380795,-0.27170068,0.97611094,0.6293091
460,0.122764304,1.637567,-0.39498124,0.033728987,-0.86609757,-0.67713416,1.6020513,-0.12702939,-0.97906494,-0.42126572
461,-0.15591851,1.4110972,0.27552825,0.3782286,-0.22827703,0.79560786,-0.3829351,1.0345825,-0.8643413,0.7873736
462,-0.29121575,-1.2103199,-0.3851618,0.42473263,0.7477419,-0.6158672,-0.22357032,1.7156703,-0.62642974,-0.10531163
463,-0.47611964,-1.1953859,0.13269743,-0.96030295,0.7606121,1.0903008,2.8040152,-2.4686084,-0.18183309,-0.24349675
464,-1.2145091,1.7765749,1.0250684,0.5259075,-0.5794496,0.12468391,1.385442,0.9410928,0.4330247,-0.80097765
465,-0.2452609,-0.41955608,-1.2292787,0.9885081,0.26495948,0.50146914,1.4752903,-1.3579917,1.3395748,-0.13813528
466,0.21868086,0.44070667,1.9231617,1.4437592,-0.54039294,0.96661174,-0.015729964,-0.38756153,-0.48103935,1.2564244
467,1.176538,-0.2919824,-1.1726117,-1.1079488,-0.59664536,-0.49755985,2.2483246,0.23774415,-1.1614712,0.16829552
468,0.2243796,0.69707626,0.6701821,0.39951977,-1.0592468,0.3014358,0.24475157,-0.16383937,-2.1684747,2.6039422
469,-0.55843836,0.077567756,0.16934113,-1.0991118,-0.9128655,0.99118304,0.011877254,0.33303443,1.8576924,0.7604884
470,0.5392874,-0.80625814,0.44683063,0.006018348,-0.65940684,-0.21481813,-0.71079105,0.1434446,0.053607706,1.0454172
471,0.4469294,0.4562157,0.029500455,0.030097455,0.17162126,-0.8162107,1.0881137,-0.59284765,-0.554791,0.2275784
472,-0.2367571,0.78564525,0.14901364,0.9318474,1.2680404,0.27042386,1.7110646,-0.99341345,-0.89670753,-0.48086005
473,0.95172703,-1.3594086,0.8653241,-0.11778729,-1.0604538,-0.20602116,-0.86282575,2.3595843,0.035188615,-0.42016473
474,-0.8912616,-0.20980608,-1.2565634,-0.00092306733,-0.51098424,-0.65302896,0.44593716,1.0046265,-0.32032293,-0.15691328
475,-0.35411504,0.03909506,0.6865009,-0.33610627,1.058198,-0.21943425,-0.94580865,0.7340472,1.807678,0.015533425
476,1.3209535,-1.4268645,1.0415394,0.075950295,-1.7192972,-0.07579043,-0.08499147,-0.6789012,0.19263798,2.8451324
477,0.11902201,0.18788557,0.40224534,0.9584984,0.72945654,0.55250096,-0.36562943,-0.37362447,0.5097823,2.0926714
478,-0.59052813,2.1362448,-0.33820486,-0.9122238,-1.2717247,1.8715268,2.7182071,0.44730327,-1.1283108,-0.6687479
479,-0.07872236,-0.28892586,0.74985725,-0.16278362,0.21237162,-0.6203327,-0.68015295,1.1265202,0.2985505,-0.25447637
480,-0.41952306,0.8200147,2.4343796,-0.53280044,-0.62884474,-0.89045984,-0.9752615,0.24445015,-1.1711302,0.57546127
481,-0.66565156,0.42638016,-0.3301963,0.46704978,-1.4669862,0.62651664,-0.66114974,-1.7825117,2.6256301,-1.4772146
482,-0.57078654,0.8612988,-1.7899424,0.29871318,-1.6589489,0.24577303,-0.094459414,-1.8069936,1.8936459,-0.007719815
483,0.8633137,-1.168941,0.9789102,1.4853728,0.52690274,-1.0114532,-1.6885512,2.3301954,-0.7308128,1.4555912
484,-0.42755938,1.3718725,-0.9497218,0.3455285,-1.0924355,-0.3745604,2.354112,-1.0564598,1.5954208,-1.2840967
485,0.025056183,-0.6698219,-0.07126978,0.048341703,-0.04899603,0.45036128,-1.3465896,-0.32268438,3.1681325,-1.1637543
486,-0.77369606,1.2826174,-1.2144175,-0.10778743,-0.73897374,-0.9022504,3.0829577,-0.20465009,0.298746,-1.0719479
487,-0.84384966,0.4647528,0.4440142,0.1611825,0.15255606,0.039203282,2.1475816,-0.3633883,0.28559893,-0.7017063
488,-1.4753859,1.1057295,0.195062,-0.3696831,-1.3019414,-0.15341371,-0.07169918,-0.93072915,-0.60815525,1.9767256
489,-0.4909639,-0.92686546,0.0015690029,-0.7048651,-0.14249974,-0.94205296,-0.31717902,-0.73009706,1.3223454,0.74380255
490,0.58132803,-0.3657926,-1.3752258,-0.23145214,1.5782057,-0.067136616,-0.85014427,0.89565605,-0.30562353,0.08301398
491,1.4260128,-0.45159274,-1.1015854,-0.31228322,-0.3875749,-0.1007602,1.6059312,-1.6100748,-1.0551003,0.59723413
492,0.47841048,0.017439216,0.73440814,0.2527327,-1.9444915,-0.020340843,-0.47602668,0.9983517,-0.42808098,2.7623777
493,-1.023883,0.4017964,-1.0669208,-0.7800259,0.65567756,-1.2305764,0.68274856,0.650168,1.2008439,-0.8181075
494,0.91460395,0.045351565,1.2175494,-0.30066735,-0.15520225,-0.6039985,-0.784069,3.50521,-1.2088517,-0.0020849705
495,-1.3162881,2.4142072,0.74367213,0.92025805,-0.6543927,-0.66269696,0.24842428,-0.021524966,2.8332868,-0.013883531
496,0.10798672,-2.086788,-0.9824262,-0.93171465,0.017169297,0.46505576,1.1105785,0.4117288,-0.109849155,-0.5364899
497,0.17645454,-0.5457866,-0.47866666,0.4408298,1.7266097,0.45251307,-0.27103752,-1.6033912,0.61781543,-0.9265676
498,-1.5289997,0.7268714,-0.24695319,0.97994596,0.045501173,-0.44757062,-0.31156683,-0.58869356,0.96737194,-0.94732654
499,1.3835009,0.48914856,-0.350071,0.8415445,-0.96950555,0.87645423,0.12779772,-0.1481483,0.5744578,0.74133193
500,-1.1220914,-0.9367118,-1.5802808,-0.06750351,0.3230159,-1.8030769,1.0334938,2.3027236,-0.049743176,-1.2803073
501,0.19380367,-1.0786633,0.7394107,1.0366449,-0.7545389,0.18505952,-0.31862172,-0.62725383,-1.4163226,1.8837706
502,0.28807202,0.11652437,1.4341414,-1.3698483,0.15413326,1.1828619,-0.82405585,1.3260878,-0.770411,2.9304576
503,0.018084973,-0.79310113,-0.1310026,0.1514053,0.15808593,0.5214428,-1.1577237,-0.25896034,-0.6422709,0.49334306
504,-0.72842,0.6464006,-1.7614466,0.21425673,-0.35295767,0.3850251,0.7213583,1.5756116,0.5059229,-0.8402232
505,0.32248223,0.076117635,0.38770035,0.81481695,0.4269703,-0.00042890012,-0.34763524,0.89196527,1.275347,0.5317089
506,-0.95841384,0.6115848,-0.85706073,-0.70803964,1.3878707,0.18538037,1.3976502,0.64632237,1.170274,-1.0338475
507,0.33743435,-0.7004118,-1.3410722,-1.037462,1.079691,0.057217818,-0.20285326,2.409369,-0.26456818,-0.33098742
508,-0.7046442,1.1113495,2.9362426,0.596019,0.32649672,0.6453263,0.7782757,-0.45147353,-0.8286122,0.086465776
509,-0.6038385,-0.35931373,-1.0571859,-0.59055454,-1.2449048,0.6822943,-1.3451685,-0.5775581,0.6129841,1.0960689
510,3.058035,-0.5371169,-0.812335,0.46213156,1.0535805,-0.19420159,1.8016057,-0.50087196,-1.1413742,0.9965289
511,-0.06351662,-0.12263119,0.18931276,-1.9392682,-1.610431,-0.048553444,0.88279647,-1.100544,-0.9295943,-0.016242579
512,0.9689453,-0.09719685,1.4616036,0.29228303,-0.2294299,0.6670969,0.2592651,2.2443347,0.6845321,-1.3194758
513,0.9009309,-0.4433453,1.9723108,0.24980591,-0.1911724,-0.91502726,-0.8778064,1.3756927,0.11943632,0.81926
514,-0.09332946,0.69054776,0.7862568,0.23874855,-1.6419176,0.6970052,0.4180273,1.9841268,0.98065317,0.6944269
515,-1.493437,1.2472522,-1.7569354,0.35831332,-1.8900242,-0.44904765,2.877164,1.8886846,1.0573893,-1.3182845
516,0.4502556,-1.8912433,0.2186113,0.82831967,0.64948267,1.500842,0.29015085,0.46795988,0.44503042,-0.043312147
517,-0.3335992,-1.268877,-0.66578966,-0.3015129,2.0639954,-0.90513086,0.21350434,1.5628861,-0.04569167,-0.43964842
518,0.4116566,-0.3214966,-0.7501955,0.21868816,-1.3470602,-0.40532875,1.0835767,0.081347495,0.8880927,1.7369652
519,-0.63728094,0.2909484,-1.8304611,-0.39054707,-1.2494481,0.27676317,-0.6778692,1.2895417,-0.79843867,-0.3863294
520,-0.88850784,0.44607836,1.8221139,2.113704,-1.1747168,-1.6137986,-0.99618345,0.9284127,-0.49010304,1.858429
521,-1.7697964,1.9794669,-1.339397,-0.46000886,0.40677202,-1.5206258,-1.5104299,2.1154604,-0.22283958,2.694325
522,-0.55194366,1.3879501,0.20378333,-0.78352857,-1.4127176,0.09584451,0.055671334,1.6971892,-0.2416254,3.0045192
523,-1.4044977,-1.0244849,-0.3752659,-0.64824843,0.6279292,-1.919358,1.56954,-0.44366,-0.35059327,-0.10903148
524,-0.028609946,-0.76096994,-0.66093457,-0.9706906,1.761036,-0.22817436,-0.050946593,2.4962976,1.6584034,-0.79119575
525,-0.081095815,-0.46196824,-0.8730936,0.57646364,-0.36431855,0.3708696,-0.18275176,-1.026444,0.015552431,1.1278677
526,0.8314402,-0.091474,-0.15324298,0.94919556,1.9293749,-0.67641675,-0.3639328,2.2332058,-0.85901725,0.32699907
527,-1.2814696,1.1171644,1.8953705,-0.6153321,-0.44311818,-0.29911947,0.021320283,1.0508499,-1.9829593,0.69715333
528,1.5543007,-0.6884943,-0.8620963,0.44781983,0.6755769,-0.3904137,-0.6664983,2.280026,0.18757325,0.9688637
529,-0.14919859,-1.527821,-0.34723568,-0.22539414,-0.021895349,0.84438866,-0.54271126,3.44545,-0.69683003,-0.41809225
530,-0.6883727,1.6752913,0.073429674,-0.43413413,0.7875659,-1.8106818,0.478162,-0.7742936,0.40342474,-0.54743826
531,0.21330528,-2.2739346,-0.05445838,0.22656882,0.5604402,0.1561741,0.44685966,3.5280654,0.06272111,-0.4044608
532,0.59046686,0.7926401,0.2588602,-0.6726612,2.0339746,-0.8461856,0.66610134,0.1317512,0.24934724,0.36111444
533,-0.32549283,0.62273526,-1.0360852,1.1585102,1.9861188,1.3011814,-0.5088106,-1.5379213,0.6524991,1.9206481
534,0.016659081,1.3869766,-0.06591564,0.1068011,1.0947994,-1.1371512,0.24424991,-0.014628887,2.3833463,-1.2204771
535,-0.5061219,-0.99342036,-1.5893093,0.7241954,0.8708393,-0.63844925,1.6407864,-0.33353877,2.2339456,-1.1221961
536,-0.14402372,0.98666537,-1.4861249,-0.40911776,-1.3127283,0.010908691,0.2889787,0.7204467,0.118073,0.94978607
537,-0.4327097,1.7525508,-0.44358873,-0.7579093,-0.23340511,0.5621458,1.4850699,0.4244967,-0.40258104,0.45429116
538,0.05296409,-0.019853294,-1.2191253,-1.3618329,0.520832,-1.1330625,2.1303494,-0.8507267,0.4542886,-1.3617992
539,-0.15852451,0.8672732,0.96811914,1.0611856,0.66710305,0.07603397,-0.16532001,1.2148135,2.1035233,-2.0989132
540,-0.6739446,0.21478635,0.71609586,0.8691119,-2.3643038,0.7377414,0.07468176,-0.002995506,-0.27528486,1.4150901
541,-0.026139019,0.07935686,2.3837407,0.3361163,-1.6806698,1.1429017,-1.1192975,0.79447114,0.43492502,0.41696215
542,2.7337997,-1.09201,0.4443023,-0.1482507,0.9705527,-0.5298025,0.57640415,-0.9430822,-1.5895405,0.49526978
543,-0.8849125,0.017776482,1.0154216,0.8058708,0.86891425,-1.7990015,-0.61950904,0.5538104,4.0354896,-1.9103596
544,2.2623107,-0.28960955,-0.03295351,0.007712543,-0.21186027,-0.11475521,0.008940756,-0.5092387,-0.3981728,1.6329286
545,1.6708455,0.26865393,0.3022119,-0.44758964,0.32746136,-0.36028975,-1.069807,1.202599,-0.8306905,1.2841704
546,0.39206448,-0.14703408,-0.7754641,-0.3997721,-0.89252007,1.0405549,2.1029353,-0.038321912,-0.6647405,0.14053476
547,-0.9406087,0.17632064,-0.45428205,-0.84986293,1.5134419,0.6641016,2.3295636,2.1438599,0.628401,-0.5892769
548,0.8739213,0.2274265,-0.9650942,-1.3271248,-0.041064054,0.63745564,2.0420399,-1.1917653,0.4525972,-0.68565416
549,-0.203822,-0.84560776,-1.7195861,-0.4774326,1.2911407,-0.33897102,-0.2665239,0.84387916,1.3280566,-0.433887
550,0.3845412,-1.2083384,-1.4710236,-0.45197052,2.239467,-0.20987836,1.6731629,-1.1675683,0.39821285,-0.93600595
551,1.0517478,-1.2780048,1.0687985,0.24556029,1.7693143,0.28771782,-0.08109555,0.7894676,0.55999357,-0.85327816
552,-0.9600419,0.39692914,0.10630846,-0.7536016,-0.18725343,0.9665031,2.4480479,0.27329028,1.1411619,-0.066251904
553,-0.3487161,0.41703296,1.7177913,-0.2150973,1.1046073,0.030244343,-0.25578004,0.2143412,-1.260789,-1.1860789
554,-0.51971966,0.12620127,-1.7461158,0.56417775,-0.05709532,0.7181603,1.8567259,0.036215633,0.7606831,-0.50059575
555,-0.7631819,0.2086682,0.06911285,-1.7725022,2.1826375,-0.33242878,-0.058560282,1.3683288,1.1526461,-1.1374936
556,-1.1060578,0.05272706,0.32986838,0.58364475,1.5712355,-0.5751375,-0.6030413,0.93161917,0.684088,-0.3000168
557,0.25940108,-1.0090158,0.31116396,0.55986273,-0.3812604,-1.2925707,0.17065705,-0.54409194,-0.1437765,0.54156435
558,0.19889486,0.5647726,0.95487785,1.7095466,-0.46539235,0.91632956,-0.31968364,-0.94556624,-0.49983692,2.5140913
559,0.32133418,1.172269,2.2894106,-0.08754517,0.49072158,-0.57990277,-1.4312612,-0.27121803,0.062247038,0.49954233
560,0.24650311,-0.3090378,0.8087191,1.9818904,0.032451913,-1.8393764,-0.08657634,1.6237657,0.06159138,0.6741581
561,1.8740349,-1.0210714,-0.53315604,-1.037625,1.2550226,0.7521516,0.23384053,1.6122413,-1.0933292,2.4919314
562,-0.7430168,-0.35073876,3.1734676,1.776857,-0.29236472,0.4057346,-1.1277466,-0.34331623,-0.12830138,2.2217665
563,-1.143339,-0.7303251,-2.3386178,0.68172556,0.85399336,0.76432407,-1.3917259,1.0862179,1.4410036,-0.2758758
564,1.9974467,-1.5918255,0.72441113,-0.87595326,-0.42764035,1.1035125,-0.9018669,1.1315426,-0.006661296,3.1429133
565,-1.1493247,0.6360748,1.7057116,-0.5467432,-0.5604472,-0.18317786,-0.35928485,2.309062,0.12614048,1.4175441
566,1.8203223,-0.015991548,-1.71945,-0.38129514,0.7703065,0.4643437,2.7612505,-0.15511823,-0.06310046,-0.6557274
567,-1.5275981,-0.18930283,-1.1986407,-0.60441667,-0.6586368,0.4585358,-0.9983947,0.32308593,1.569242,-0.8311056
568,1.4626374,-0.55716133,0.3034433,-0.23568673,1.1172931,-0.30851412,1.6817082,0.81998247,1.3855981,-0.10348672
569,0.6400037,-0.2594359,-0.7523462,0.5685952,-0.6803132,-0.1411225,-1.0442069,-0.40686822,-0.24148667,-0.0917747
570,-0.25408646,-0.31595457,-1.4350764,0.31975314,-0.53970224,-0.72596407,-0.06649934,0.96301734,0.5990659,-0.8881215
571,-0.5296899,0.32315153,-0.38970986,-0.5356916,-1.1147611,0.053463444,-0.28280377,1.5504105,-0.798419,0.4062472
572,-0.0158768,0.5825419,-0.19223577,-0.073247194,0.46075308,0.12285132,2.778857,-1.2319517,-0.31272525,-0.049539655
573,0.33691052,-0.35134444,-1.5651752,-0.64584345,-0.5157892,1.8389515,3.485755,-1.6272202,-0.7400866,-0.72628593
574,-0.044050783,0.16405575,0.0774761,1.4012804,-1.5605183,-0.24222901,0.20112035,2.0379605,0.23392627,1.340452
575,0.89964783,-0.48245126,-1.0834558,1.1970181,-0.35048538,0.62494075,-0.79005754,1.2012631,-1.690987,0.9400678
576,0.6703186,0.7584084,-1.2929267,0.96286285,-0.14026499,0.074820235,1.0405798,0.3669297,0.11736238,-0.1788841
577,-0.37907094,-0.91671765,1.2430218,0.72495687,-1.5024333,-1.5362873,-0.60676515,-1.3348144,0.38269404,-0.20756222
578,0.010356128,0.0017390773,-1.8599279,-0.17018005,0.40691882,-0.17783743,-0.12116042,0.95931894,2.95166,-1.9026709
579,0.55004007,-1.4108926,1.3125138,-0.26614028,2.2691958,-0.11271451,0.32935157,-0.7411896,1.4806017,-0.24269506
580,-0.58288854,0.34852237,0.957022,-0.1284908,1.4936323,-0.22249123,-0.094315425,-1.693728,2.7957811,-0.9872416
581,-1.4325411,0.97336847,0.75059736,0.17763823,1.2093816,-1.3089443,2.117079,-0.007848695,-0.14742278,-1.0008124
582,-0.33838436,-0.70775104,0.18161976,-0.6975842,-0.591282,0.5421706,0.33477116,2.4711685,-0.24885136,-0.59415436
583,-0.7492257,-0.7254745,1.2786075,0.21309751,0.5463498,-0.5828284,-1.5343322,0.12686849,-0.33065966,1.6110163
584,-0.39161783,0.2017054,-0.14827943,1.5491316,0.35924602,-0.8692229,-0.29662278,-0.34949026,-0.44018376,1.3243413
585,-0.27996635,-0.8566965,-0.051502153,-0.29044926,0.2969849,-0.39024717,-0.38687593,0.68374467,0.4623685,0.8764193
586,0.36245364,1.1021395,-0.47523257,-0.9651773,-1.077745,-0.19032007,-0.036326207,0.46180922,0.16793981,-0.65161437
587,-0.4582235,-1.0039463,0.025193155,-0.8098084,-0.58340365,-0.42491013,1.283138,1.5974572,1.0949148,-0.5991937
588,-1.5327615,0.4609611,0.6347779,0.19702277,-0.4605862,-0.45846236,-0.028401524,0.37403208,2.8791428,-1.0354109
589,-0.73031735,-0.13346215,-0.8030298,1.1747369,-0.070135,1.2589996,-1.3805952,0.63501245,-0.586223,1.6053562
590,-0.35138762,-1.5111349,-1.0714056,-1.3621213,-0.1299742,-0.22676258,-0.06071286,1.7734715,-0.85545367,0.18676704
591,-1.1295063,-0.4393561,0.022152543,0.1497767,-1.7450058,-0.86533237,-1.439572,0.11606094,-0.014497742,-0.18264222
592,-1.6972753,1.2086022,-0.042029575,1.4592115,-0.48584068,-0.1620981,-0.17177944,1.3963192,1.8531668,-1.5745082
593,-0.23331004,-1.1579283,1.2663721,-0.33789366,-0.43905506,-0.117841385,-0.05544573,0.23573232,-1.4699218,-0.26722848
594,0.19771805,2.0126727,-0.04041004,1.3792212,-1.2883098,0.724797,-1.9390905,0.5585021,-1.1450615,1.913803
595,1.9371407,-0.7765415,-0.8155467,-0.9002933,-2.1806262,-0.6285612,-1.1780983,2.8408906,-0.0870772,1.5307448
596,-1.2580647,-0.46520734,2.7372518,0.21315126,1.2978165,-0.5605841,-0.07524863,-0.98864233,-0.18290323,0.08506185
597,-0.9387417,-0.5818675,0.18868116,0.18306017,-0.33175078,0.18520442,0.17763726,1.2236602,-0.15433407,-0.6137881
598,1.2426164,-0.33760425,-1.8996767,0.24988149,-0.34080032,-1.1498,-0.24588606,2.2516596,0.5656292,1.9341346
599,2.5242462,-0.3668418,-1.6118293,-0.88786006,-0.72188234,-0.6788413,0.008385509,-0.62723565,-0.031653345,2.043197
600,-0.7383163,1.8774272,-0.79105395,-0.13299811,-0.7908912,-0.63294643,-0.085107796,0.0053590517,0.53112555,0.7189309
601,-0.13814247,-0.4951889,0.48262244,0.3287704,1.2352436,1.5083426,-1.0703542,-1.5891161,0.5794184,1.6302044
602,-1.6112217,0.41483012,1.4411726,-0.27886456,-0.18575396,0.54058534,-0.5014946,1.9366803,-0.88417256,0.57659566
603,0.757139,0.51514995,-0.6239903,1.5701436,-1.1049649,-0.6740405,1.0799736,0.9393157,-0.54259783,-0.15157305
604,0.30422276,-0.27548116,-0.32012224,0.5546209,0.15847823,0.7251065,0.37145364,0.15683909,0.49531466,-0.84168863
605,-0.39691058,0.953771,0.16221231,-0.08601534,-0.6826879,0.26718083,0.5608257,0.5325493,0.39711487,-0.3736264
606,0.7694655,0.5819622,0.8136801,0.047889158,2.1197963,1.1738043,-0.365556,1.1073556,0.53655183,1.0704722
607,-0.10469812,-0.15497452,0.08595455,0.28382835,0.68786836,-0.27647895,0.029149469,0.12224084,-0.17489815,-0.98917675
608,-1.4798769,1.5870199,0.39831552,-0.5265105,0.39207447,0.20877047,3.216227,-0.8006628,0.5551795,-0.3503647
609,2.5315046,-0.26457578,0.082015574,-0.47637028,1.1156648,1.0718333,0.96621627,1.3628654,0.8772641,2.0727267
610,-0.27903187,0.7476484,0.58930486,0.56864274,0.8190324,-0.44368073,0.32167038,2.1663315,-1.0135797,-0.7106226
611,0.48180723,0.8760357,-0.20904806,-0.6260822,-0.8205896,-0.13666905,1.006496,-0.8331282,0.43849403,1.2401966
612,0.59859973,-0.50797766,-0.038303792,-0.66474175,-0.16546945,1.0778072,1.6082323,-2.110343,0.7256602,-0.8449961
613,-0.7744665,-0.21693128,-0.18272401,-0.69464487,1.4471278,0.16152145,2.3037124,0.012869,-0.22687876,-1.5291158
614,2.9551105,-1.5501735,-0.10677855,-0.9938551,-0.20746613,0.16804117,-0.08109778,0.9257772,-0.6544162,1.7011204
615,1.4783148,0.7171235,0.08985403,-1.1462266,1.2743208,0.24791214,-0.8572669,2.720253,-1.3660855,2.1819103
616,-0.23895986,-0.6937869,0.84738505,1.5190649,-0.836133,-0.3939798,-0.98198044,-0.12299014,1.3422935,-0.36339098
617,-0.9233738,1.8330969,-0.79869103,-1.0698091,-0.10439074,-0.10310299,-0.2808767,-1.158947,0.36556447,-0.7933601
618,-0.8136409,-0.42447755,-1.2292502,0.86581737,-0.30322123,0.8170878,-0.12010169,-0.4286837,0.73208135,0.2314786
619,0.18343484,-0.67543685,2.2844858,1.37199,0.0013944805,-0.35431623,0.33556926,0.72026587,0.1614427,1.7268074
620,-0.64951074,0.42416823,0.11744881,-0.069734156,-0.4935584,0.73450047,1.1719081,-0.6742573,1.243108,-0.89850104
621,-0.14881566,0.44607747,1.8789666,0.8224008,0.6602224,1.2795558,-0.31338596,0.5600009,-0.4192273,0.4912312
622,-0.11270952,-1.5546341,0.3130725,0.5960087,1.9699099,-1.6753343,0.37633154,0.84907025,0.46281517,-0.28406984
623,0.684734,-0.9031363,0.42686334,-0.16016562,0.54350257,-0.20760895,-0.95184934,1.4550736,1.38308,-1.4379956
624,0.47426248,-0.25510204,0.3011203,1.0736599,-1.0225266,-0.8228215,-0.463944,0.06796922,-0.33964252,0.08278316
625,-1.2014935,0.7623625,-1.1940671,-0.23151171,-0.45290548,-0.3444626,-0.41281158,0.28225154,0.5920634,0.2715514
626,-0.3912769,-0.11056408,2.923305,1.3560865,0.25929338,-0.5629443,-1.1161714,1.1242093,-0.01911962,2.0652037
627,1.6800545,-1.6733054,1.3711994,0.8885158,-0.38197815,-0.643929,-0.4076627,1.7133198,-0.66193223,1.9583087
628,-0.20488784,1.0302569,0.37547404,-0.06727414,-1.1540073,-0.4994104,-0.39913535,0.06480834,0.1308958,0.25842288
629,-0.10883272,-0.7523943,-0.48585528,0.6839919,0.47943518,-0.15275256,0.34987545,2.177801,3.8165324,-0.48020244
630,2.2138662,-1.6141641,-1.2140749,-0.62267685,1.9665952,-0.12803327,1.2958448,-0.83839095,-0.06621386,-0.45495194
631,0.043724418,0.33202145,-0.71852756,-2.0610662,0.089312136,-0.19506368,-0.30197906,-1.5819358,1.5045437,1.9185687
632,0.10884118,0.14125928,0.6006265,0.22155586,-1.236727,0.41565663,0.027623922,-0.14774251,-0.9247236,-0.7971734
633,0.20741051,0.019245267,-0.34107202,0.430007,-0.93327045,-0.13316263,0.5096008,0.8057806,0.83767056,-0.31165177
634,0.19261912,-1.174052,0.37594634,-0.100664616,0.46717116,0.066190645,-0.3946648,1.0606093,-1.5322574,1.7576854
635,0.9983317,-0.9811345,2.4458091,0.536353,0.40330803,-0.0029036123,0.36711216,-1.0748607,-0.77386475,1.3011718
636,1.3403386,-1.1943858,1.4810927,-0.8561528,-0.818081,1.1169028,-0.30876136,1.3533478,-2.309461,2.2844737
637,-1.6043259,2.044176,-1.0568038,1.1191992,-1.0679677,-0.7311577,0.09738904,-0.40021434,2.022338,-1.091432
638,1.0894077,-2.1772618,-0.8335107,-0.057839274,-0.495309,-1.1461923,0.22751743,-0.9385121,-0.007119924,2.1818967
639,-0.13570341,1.1197526,-0.69928974,-0.39346394,-0.22363424,1.2449303,0.012785226,-0.2092472,0.0342353,-0.42577
640,-1.0665411,1.1842651,0.679787,1.2736914,-1.1292541,-0.65350235,-1.1111073,2.5367165,-0.61654305,1.0768917
641,0.3675574,1.0104456,-1.4202976,-0.81361175,-0.8927655,-1.120947,-1.3746996,0.14629596,-0.96084,0.57883626
642,1.5991454,-0.5847567,-0.49202737,0.7809069,-0.26613757,0.24502645,-0.9319128,1.4370128,-1.0706204,1.0494266
643,-0.79711974,0.8961949,0.48704916,-0.34477448,0.9490505,2.4715908,2.832959,-0.273125,-0.49068764,-1.775604
644,1.3433477,-0.98302424,0.8555906,0.27810678,0.056176975,1.0372968,0.32464647,-0.02194339,-0.59957284,1.2289107
645,-0.04591075,0.38673306,-1.4920709,-0.6581803,-0.6164735,-0.7570778,3.361807,-1.2183406,-1.5675678,-0.073206365
646,-0.11066818,-0.47871804,-1.4999442,-0.044242486,-0.05117339,-0.2808113,-0.42016023,0.7544259,-2.189295,0.638572
647,-0.4272484,0.16558403,1.114841,1.4920423,0.37644,-0.81025535,-0.52204186,0.84246194,-0.18899262,-0.48774457
648,-0.49742895,-0.13890986,0.3071127,0.32966903,-0.28158408,0.15634282,0.09748319,0.16475359,0.009348884,-0.16335775
649,0.38187268,-1.2394658,0.3038705,0.24356511,1.3641076,0.3792244,0.17880252,0.13044053,-0.22292852,2.1463199
650,0.25189292,-0.23397782,0.29007006,-1.7064683,0.46301574,0.42476296,2.4432814,-0.35916066,-0.8064884,0.1749916
651,-0.47060347,0.84463763,-0.71473944,-0.9117707,0.6827336,-0.3522481,4.835136,-0.5262626,-1.320735,-1.3329599
652,-0.016869783,0.8669556,2.0964432,1.4786123,-0.97060305,0.72402346,-1.0448298,-0.6846808,-0.14265242,2.8920288
653,-0.66037047,-0.8481126,-0.37541938,-0.40694377,-1.307958,1.3004884,-0.77370775,0.99585223,-0.09654196,0.4384231
654,-0.572821,-0.3240505,-1.5895985,-0.38626426,0.066815495,-0.2089969,0.8935879,-0.72357285,-0.44089878,-1.030278
655,-0.45263094,1.2100692,-0.3601712,0.67890066,1.4914899,-0.21751544,-0.23815936,1.6821102,0.6702194,-1.9579899
656,-0.6410853,1.5001128,0.5081996,0.16709477,0.19535726,0.34870595,-0.21837603,-0.7649308,0.98031986,0.0737032
657,-0.29138625,-0.9482787,2.035616,0.020919919,0.21412748,-0.37267345,-0.038373917,0.6494002,0.71092933,-0.70932513
658,-0.061643615,-0.6379963,-1.0228198,-0.16040766,2.2189908,0.70903367,0.53923124,1.7270931,-0.42484784,-0.9024732
659,0.59345615,0.23065212,0.78357196,-0.23742366,1.6137118,0.99072194,0.6575844,-1.656765,-0.2502812,-0.75282913
660,-0.016408741,0.16262065,-0.4019046,0.89971286,-0.5630084,-1.0262253,-0.08840227,1.1920297,0.69080526,0.61739415
661,1.6900866,-1.6005876,-0.9593398,0.045148045,-0.5987157,-0.2942287,0.6327347,1.3741014,-0.29548925,0.6836471
662,-0.12127018,-0.054255374,-8.922815e-05,-0.38715816,-0.8493084,0.74923295,1.993543,-0.15666857,2.2597542,-0.39871484
663,0.106206715,-0.47463903,-1.1558485,0.8565847,-0.57226366,-0.48451415,-0.47930354,-0.43714988,-0.4039945,-0.3676137
664,2.6897318,0.21238613,1.2239155,0.024530686,1.3329833,0.3419583,-0.16036302,0.84989935,-0.8132684,2.8259578
665,-1.6475829,-0.15919772,1.7639463,-0.92513764,1.1278535,-1.4438487,0.91754305,1.8750175,-0.82035446,-0.5506421
666,0.65612406,-0.9705513,0.60337853,1.5726051,0.31089625,0.56251186,0.39194185,-1.0519801,0.0500149,0.22372341
667,-1.1487267,0.11065221,0.26187193,0.26348004,0.10631472,-0.045990024,1.1656392,-0.13082942,0.24610396,-0.6799979
668,-0.43426973,-0.43844366,0.4454783,0.58796704,2.258685,-0.6084986,-0.19097732,1.2338177,0.56976354,-0.5451559
669,0.91103005,0.12463028,0.4873175,0.26021624,-1.6480443,0.06707346,0.22006011,-0.536468,-1.0411906,1.0571585
670,1.3266724,-1.0461901,1.9458549,0.69834685,-0.5544002,0.14112319,2.5624075,-1.4871479,-0.44392863,0.96246266
671,-0.017183088,0.7883065,-0.27001828,-0.8995798,0.16930462,2.162518,2.3166754,-0.49690956,-0.16093077,0.4326738
672,-0.90389407,-0.11923237,-0.46587026,-1.0400226,0.86694396,-0.32870522,-0.20491406,-0.3970862,0.4513173,-0.618771
673,0.0075205564,2.3688881,1.3055577,1.2767603,-0.8762836,-0.3556603,0.35507536,0.11930755,0.73048306,0.9227411
674,-1.2608889,1.1550122,1.3044789,-0.027455807,-0.29859757,0.33875173,-0.46420503,-0.44423592,-1.1198747,1.2751565
675,1.2783198,-0.006399907,-1.1837332,0.22240567,0.20411862,0.9924017,1.1387393,-0.6703336,-0.7046089,1.7855362
676,-1.1837032,0.5721581,0.31535354,0.06559639,0.21193832,0.11240321,0.06546302,-0.31534705,0.4813975,-0.42875287
677,0.7462222,-1.1348287,1.5612493,0.3785114,0.90119034,0.66593313,-0.05628404,-0.043875486,-0.9960765,1.1705813
678,0.20172569,0.14031415,0.13796544,-2.250206,-1.3296788,1.4250944,0.96136415,0.6109181,2.143905,-0.36560604
679,0.44468996,0.17578074,0.9259132,-1.0880995,0.031773433,-0.9803399,0.5680449,0.3730346,0.44791096,1.5477965
680,-0.21656668,-0.6788781,-0.21841592,0.2331931,1.1862577,1.2955668,0.28120482,-0.74774235,-0.014463574,-0.29724747
681,0.45761716,1.1832533,-0.32921183,-0.83570963,-0.6037556,-1.2187731,-0.2775826,-0.42409515,0.11515866,-0.2902514
682,-0.043079466,-0.3967656,0.76525855,-0.02927187,0.7710694,-0.43765923,0.083537,0.5960712,0.52174366,0.8294486
683,-2.0198753,-1.3939059,-0.4227206,0.5691336,0.6996101,0.09424112,-0.53013074,-0.24303487,1.317055,0.4002177
684,0.18968427,-0.26329282,0.71488,0.46377647,0.4455828,1.126254,1.0791879,-0.8370701,0.6672796,-0.13581783
685,0.52690685,0.15982419,-0.17884034,-0.123668745,1.5939354,-0.29123715,0.2600307,-0.27782175,0.112879485,-0.09707007
686,2.9044287,0.60932356,0.42744297,-0.26988,0.514377,0.7193688,-0.06323123,2.525089,-1.4798739,0.39687335
687,0.64298797,-0.69131243,-0.11443877,0.09543261,0.23357788,0.7713967,-0.5185505,-0.7373089,1.2950269,-0.5487063
688,-0.41706902,-0.605763,-0.6050247,-0.49231923,-0.3478366,-0.14551565,1.6773754,-0.41848192,-0.9862071,0.7314639
689,0.092517376,-0.06969835,-0.8118048,0.059156615,-1.2504563,0.6377058,-0.35938895,-0.27933124,-0.524137,-1.6158742
690,0.60897624,1.7722385,1.8632517,0.44748104,-0.18455413,0.10116157,0.6084199,-0.85492486,0.7370852,0.8482903
691,-0.31721404,0.88482594,0.44250417,-0.9071757,-0.16118741,0.26525977,-0.105317295,-0.82916844,1.3602664,-0.55197656
692,1.0721854,-0.14252284,1.2464159,-1.3998737,0.6648663,0.7980967,-0.028897129,-1.1349399,-1.0361365,3.1076725
693,-1.6823719,0.020490348,0.44240326,-1.6091218,-0.62712586,-0.10001397,2.0143502,2.3114762,0.5540645,-0.36706138
694,0.41809043,1.0461359,0.9934683,-0.22815216,1.444909,-1.221527,0.16081887,-1.1611433,0.120975554,2.1107917
695,-0.9591776,-1.4209495,-1.6563349,0.79767466,0.93221986,-0.93189347,-1.517085,-0.118491724,1.637874,-1.3152212
696,-1.3274792,0.0059979707,-0.62298965,-1.0103374,1.176153,-0.34355614,1.6658645,-0.8968451,0.81237465,-0.40416992
697,0.5729232,-0.18520299,1.3677139,1.5427802,0.04458417,0.025092127,-1.2082965,1.7150354,1.2038186,-0.4347872
698,-0.28061166,0.15456551,0.3687643,-0.6582429,-0.07961321,-0.46609774,0.07056263,0.04138294,0.37459013,-0.5682002
699,-1.13324,0.29727486,0.17722705,-0.48941714,-1.3178341,-1.0659066,4.348382,-0.58940476,-1.4487265,0.14154458
700,-0.1907396,-1.1474708,-1.131871,-0.48398694,-0.37425148,-0.70814085,1.0208546,0.20162994,0.4541222,0.3667757
701,0.51756746,-0.5477123,1.9855564,1.5431743,-0.045898773,-0.6600596,0.34607518,-0.9169248,-0.9104558,1.7330699
702,1.4126601,0.77730995,0.55198026,-0.0556854,2.417818,1.2966931,-0.27057105,1.6539035,-0.011810005,-0.8532514
703,0.6766796,-1.2455564,2.4269373,1.9555784,0.0855997,-1.6537015,-0.8955797,-0.57255566,0.0036722422,0.745479
704,-0.4946423,-0.9122436,-0.41074678,-0.652684,2.1269212,-0.5773096,1.7650409,0.71779644,0.659778,-0.9037708
705,0.545096,0.60738695,0.2951358,0.8322612,-0.8835671,-0.10395143,-0.6717949,-1.4723036,0.8184519,-0.5223237
706,0.84607434,-0.09257877,0.47219032,-0.7644063,2.8621979,1.2413573,1.284195,-0.81173253,-0.5878281,-0.01991713
707,1.9108272,-1.2844586,0.46579477,0.092198156,1.7846428,-1.0221102,-0.07758193,-1.1219326,-0.18558143,1.3246067
708,-0.36187327,-0.82996476,1.5059359,0.5294234,-1.7718282,-0.7680885,1.3862141,-0.5936605,1.8780041,0.12460208
709,0.020720184,-0.064315245,3.3616736,0.021419644,1.619029,-0.14311239,-0.33959693,0.36303037,0.6755301,0.41012645
710,-0.61993694,-0.12693839,1.9111651,0.4139339,0.13947463,-0.48115832,-0.77429295,-0.70530987,-1.8857528,2.483603
711,0.009892434,-0.36247033,0.1649298,-1.3451939,-0.15566783,-0.4037904,3.331242,0.0017810464,0.018624052,0.49912
712,-1.4937155,0.1313985,1.3624579,0.8235829,-1.8881208,-1.35335,0.5684737,-0.16390306,-1.1663699,2.573725
713,-0.20409255,-0.113446295,-1.0787977,0.7734874,0.9835471,0.26267278,1.1451131,-1.4850096,0.850955,-0.2504772
714,1.2399039,-0.026473463,0.19862676,-0.68062687,1.1111608,0.08977239,1.6435118,1.3540415,0.33796674,0.576533
715,-0.03414333,-0.16540517,2.1428454,-1.6389111,2.3443065,0.33034757,0.4987536,0.600386,-0.2467632,-0.34492338
716,-1.0044583,0.8249967,-0.40650612,-0.008107908,-0.7385955,-0.91567314,2.0922465,0.29859456,2.407336,-0.23375535
717,0.33934602,-0.7402631,0.937654,-0.7400635,0.23028186,-0.95526326,-1.2767004,-0.4008874,0.010801256,0.54326147
718,1.3642299,-0.88385355,2.7564902,0.23066153,0.6846144,-0.1425363,0.80973685,-0.7130333,-0.7577402,2.213263
719,1.3699847,-0.39464983,-1.2000681,0.40224656,0.8136315,-2.3457103,-0.7053735,-0.49429956,1.1992333,0.25502354
720,-0.71965873,-0.5499134,0.3280606,0.83171105,-0.5271621,-0.35006818,0.38979232,-0.02163601,-1.2779815,0.9259473
721,0.008182466,0.52450556,0.23508248,-0.37491894,-1.7730943,-0.644737,0.033165276,1.89717,1.181912,-0.591295
722,0.9986611,-0.987502,-0.36023298,0.56075215,0.6336384,-0.13126244,-0.8176123,-1.147881,-1.0013506,-0.21127918
723,-0.014655441,0.929089,-1.2095646,-0.96038365,-1.6254985,0.9923592,-0.97984785,-0.63443005,0.021535605,-0.5558239
724,1.2315118,-0.32799056,-0.59962016,-0.5660987,1.5587167,0.86864483,0.7523322,2.6668723,-0.24855793,-0.7512944
725,1.3499104,0.80359215,0.8157475,0.85457426,-0.14838903,-0.71123326,1.336149,-0.507046,-0.89171064,1.3425233
726,-0.59719294,0.011144519,-0.74190485,0.71807885,0.106170565,-0.5215982,0.487299,2.1447601,1.9463406,-0.64089257
727,1.2755364,1.3650522,1.4185047,-0.5351875,1.3942599,-1.331243,-0.4911102,-0.37486756,-0.0842365,0.43252712
728,-0.10019261,0.2991956,-1.3759325,0.41208676,0.97088003,0.36729813,1.1073046,-0.18421596,0.23326671,-0.5710302
729,0.09712581,1.4259882,-0.3162132,-0.0073421597,0.58603466,0.65234804,4.2145967,-1.1461987,-0.031951815,-1.2732203
730,1.9052198,-0.6419348,1.3189546,-0.52013093,1.2740464,-1.2714794,0.012772175,0.104887426,1.5894227,0.04060415
731,0.080379546,-0.43763825,-0.39670217,1.4481015,0.7753207,-0.26490462,0.9804355,0.9365432,1.3291092,-1.3483129
732,0.41357872,-0.8943266,0.36191952,0.00411734,-0.43356216,-0.048247814,-0.5022218,-0.4901711,0.8628316,2.349675
733,-0.7344562,1.5906439,0.2766968,-0.39404678,-1.6114898,-0.22570884,3.3506575,-2.3741808,-1.4982662,-1.1489369
734,0.60228753,0.10437411,-1.1620933,-1.2534199,-0.6992687,-0.6380886,0.76854485,1.3749906,0.7372505,0.7362431
735,0.46868277,-0.42614862,-1.480754,0.08930045,0.35040778,-1.348466,2.1801753,-0.95971984,-0.50326335,0.9579314
736,0.26179448,-0.5080142,-1.3790464,-0.57736945,0.06881338,1.284044,0.99066406,0.5671485,1.2525016,0.40301758
737,-1.1926825,0.08113064,-0.6565957,-1.2739179,0.21157473,-0.58163923,2.465055,-0.82034934,0.70775986,0.57350993
738,-0.12250996,-1.310309,3.42863,1.0941797,0.66289175,-0.06979029,-0.6131053,0.6669852,-0.51176596,-0.36209157
739,0.76453894,-0.053040862,1.3666388,-0.5735881,-0.20956892,0.32602224,-0.15674728,-0.15407634,-1.7842189,2.64791
740,-1.2986057,0.8734088,0.5783107,1.1207429,-0.9158305,-0.22757857,-0.30930412,-0.8322531,-0.3599254,-0.5373685
741,0.6103574,-0.0013150573,1.442522,0.79277337,0.44031602,-0.47441494,-0.24519312,2.2635,-1.3670876,2.067193
742,-0.074393034,0.27675056,-1.7644387,-0.68804765,-1.2103877,-0.44297493,2.3941498,-0.85134774,0.87131196,-0.27674693
743,0.33234864,-0.971341,0.36042088,-1.6068978,-0.37630862,1.6015427,-1.7643608,2.961358,0.3708853,0.23325461
744,0.045977175,0.5331928,-0.33396322,-1.2790084,-0.013060451,-0.36351028,0.3628034,-0.897402,0.95545995,-1.1101294
745,0.5371357,0.68166375,-0.3399614,-1.3717315,-0.821948,0.5199158,1.9605806,-1.0900364,-0.013443142,0.22763734
746,-0.5665692,1.0905279,-0.38236707,-1.4940928,0.62795407,-0.08933346,-0.70587003,-0.7484773,1.2958558,-0.85450995
747,0.43128303,-0.88506913,-0.6149522,0.29117727,0.016628265,-0.32801992,1.1358875,0.35156256,0.40058565,-1.3264514
748,1.1471993,0.15049538,3.1867375,0.10025704,-1.0223138,-0.09763574,-0.25260514,-0.22225976,0.07064426,2.0081873
749,-0.040937126,1.0455582,1.4772688,0.53075397,-1.2757306,1.0789205,-1.229687,-1.7447281,0.6095416,1.9088429
750,-1.4000595,-1.4765695,0.36339247,0.19002354,-1.0029781,-0.82809466,0.16787615,-0.093617976,3.0387647,-1.4389317
751,2.486098,0.34216875,1.8752795,1.4059517,1.4776192,0.028322069,-1.0912997,-0.0892123,0.052607775,0.9385122
752,-1.1527057,0.25986668,1.0788264,0.23590618,-0.2823037,0.95086426,-0.77068615,3.463932,1.6740701,-0.5074114
753,0.41761625,0.7185161,0.35127595,0.11520517,0.05200064,0.6883298,-0.46136665,0.07590905,-0.5603339,0.4373259
754,-0.8652748,0.96187747,-0.15074244,0.35531077,-0.06589392,1.5004662,-0.9724526,0.3596152,0.31571007,0.48404583
755,-1.5624657,0.63549304,0.3863798,1.2761021,0.40238607,-0.69488066,-1.1898267,0.9857827,-0.42836204,1.649764
756,0.6333334,-0.33148783,-0.08151065,0.5563485,-0.33542758,0.89248675,-0.83387595,-1.1233338,-0.96619076,2.8536427
757,0.5611173,0.7507033,0.8670564,1.1285816,-0.121631876,-0.9206497,-0.8506963,1.2540073,0.9815325,-0.23073077
758,-0.46793437,-0.08021357,-0.41232276,-1.0981396,1.2780135,0.05217837,1.3512256,1.0215778,0.1280393,-0.2883038
759,-0.19810948,0.30167562,-1.4241424,1.1433083,-1.5195253,0.62801415,-0.45619595,-0.18712713,-1.5166101,3.5388198
760,-0.058877468,1.0230372,0.54923326,0.73489213,-0.7393026,0.16306245,0.27105188,0.508046,1.3219309,-0.03156674
761,1.8700492,-0.45908654,-0.5373527,-1.5919334,0.86088747,-0.23843238,3.121139,-1.1968652,1.6687396,0.05348377
762,-0.17837048,0.86788356,0.6813535,-0.21302947,0.8513752,0.40442637,0.3943553,-0.24258399,0.24105787,-1.1773288
763,-0.1941582,-0.06655222,3.2675323,0.7177241,0.57915705,-0.38462222,-0.7782233,0.24668646,-0.80579627,1.3848109
764,1.5624526,0.83315516,0.43122548,0.7343936,0.41682434,0.54401195,0.13764608,0.020472527,-1.5788354,2.1276753
765,1.2843268,-0.6799567,0.9018553,-0.6996003,0.09422487,-0.42452365,0.96963954,-0.29525366,-1.3271909,1.3758245
766,0.1852578,0.85732305,-0.047363035,-1.4630857,-0.78113735,-0.11768285,-0.3679488,-0.71876585,-1.205562,1.3067492
767,3.498285,-0.5773582,-0.16019464,-1.2349136,-0.66212463,-0.47318903,-0.05404067,0.6827106,-0.29297364,0.21227098
768,-0.76852274,-0.27710545,-0.86027443,0.13946053,0.429923,-0.94431734,-0.9393792,0.43584365,0.28118563,-0.3054933
769,3.0995767,-0.9267919,0.67160136,-0.9858768,2.3340888,1.3716824,1.0659673,-1.1178269,0.076480165,0.7692138
770,1.1159441,-1.6769663,2.3508804,-0.5627333,1.0720953,-0.81113744,-1.1759984,1.1979975,-1.7294484,-0.20047706
771,-0.387949,0.06455779,0.5886663,0.46240994,-0.22753486,-0.71264046,-0.19299693,0.18868124,-1.47899,-0.23354828
772,-0.21012843,0.02946484,1.4641484,1.3756152,-1.428278,0.66046506,0.19462082,0.9920428,-0.38456297,-0.015514284
773,0.770221,-0.30994576,0.1382345,0.5976523,-1.80954,-0.10402728,-1.2966543,-0.20774339,-0.28148335,2.123515
774,-2.4540925,0.068651386,0.45832443,0.034573734,-0.62599254,0.4243208,-1.0037044,-0.26911545,0.6765821,-0.99248594
775,0.7934966,0.41997552,0.5394674,1.0941036,0.008887485,0.41920072,-0.020165265,-2.154698,-0.6495214,2.3850648
776,-0.30645394,-0.09655367,-0.4935589,0.47665372,0.102581814,1.5728133,0.16687664,0.31509498,0.05819857,0.2393719
777,1.2368708,0.67907023,-0.89579356,0.20473742,-1.8033864,0.287096,1.0732716,3.313655,-0.8899604,0.006937772
778,0.5711978,-0.848697,1.1068842,-0.5124623,0.86879766,-0.33074355,-0.0065473616,-0.5330882,1.0802305,1.3270447
779,-0.95180535,0.050311804,0.21353441,-0.4828133,-1.213372,-0.0583138,0.3756823,-0.56369174,2.314146,-0.30801323
780,2.365879,0.80601895,-1.6422217,0.31447,1.1652509,-0.6942306,1.6025558,0.805338,0.48540068,0.53119695
781,-0.22736824,-0.4340164,1.3271077,0.30434865,-1.1192038,1.7030282,-0.40304393,-0.00899715,-0.19848305,3.1292648
782,1.1139269,-1.4066019,3.8743927,2.566595,-0.18291819,0.04820203,-1.5225188,-0.014817059,-0.97599494,3.9525037
783,0.11530328,-0.77172685,-0.48477042,-0.8916329,-1.8123211,1.0543375,0.83234644,0.7428634,-0.38089246,0.25018448
784,0.96023744,-1.0065595,-1.4948599,1.3013091,-2.265765,-1.1801465,0.32832217,-0.36379343,0.24056903,0.844787
785,-0.19700843,0.35785913,-0.8222855,-0.2984181,1.144704,0.77445084,1.0533571,1.5839185,0.752114,-0.7742002
786,-0.61159664,0.13206565,-0.7565397,-0.63678116,0.9974423,0.68733484,1.4613639,-0.5616942,0.9285269,-0.18436918
787,4.0463696,-1.2777877,-1.2953672,0.37989992,1.4099042,0.04430277,-0.2893572,2.1113834,-0.29363126,1.4639001
788,-0.22755228,-0.034116983,-0.48667768,0.0305143,-1.1790228,-0.47137737,4.1078434,0.040362775,0.3634155,-0.12918404
789,0.39830005,-0.45486653,-0.97910154,-1.2115899,0.6405579,-2.0423398,-0.067341395,0.3282867,1.6046002,0.57035035
790,-0.05890429,0.41000557,-0.0036474168,0.1931365,0.6124517,0.18704882,1.1767849,-1.0061283,-0.14390457,-0.057946697
791,0.252947,0.54125917,1.126033,0.38648698,-0.4877113,-0.3231246,0.79271877,-0.109795034,-0.75133467,1.6641275
792,-0.33064896,-0.43389142,0.13880202,0.92857504,-1.3715394,-1.3580092,-0.11493838,0.77411723,0.0729872,1.9927275
793,-0.45544517,1.8378994,0.024152096,-0.83542925,-0.7467762,0.61538786,-1.2583019,0.27719772,0.40503085,-1.2745378
794,0.121252395,-1.9930708,0.692771,-0.13599762,0.6682465,-0.6619488,-0.20723698,0.022987008,-1.2614641,1.5128136
795,0.09623599,0.24719867,0.2462396,-0.8069305,0.26149756,0.56314474,1.8908486,0.13758248,-0.33731645,-0.42035615
796,0.8165997,0.2977457,-1.0688131,0.3375311,-0.29467905,-0.58886606,0.55598867,-1.4167478,1.0979568,0.5267117
797,0.2869638,-1.2333632,-0.70356196,-0.0095232725,-0.9789819,0.4249944,-0.43341947,-0.06278868,0.56507546,-2.0807772
798,0.22676063,0.7560352,-0.12029442,1.363074,-0.99307585,0.34039977,1.83902,-0.34446043,-0.86490154,-0.11070433
799,-2.8108594,2.9808974,-1.0504792,0.55927896,-1.7838235,-0.9864137,0.38664493,-0.94762444,1.1244165,-0.31020832
800,-0.08560851,1.1352959,-0.11343351,1.2743877,-0.25492203,-0.22923349,-0.6752757,-1.3406453,-1.2918166,0.6230235
801,-2.093658,0.94607174,0.7635855,0.8392593,-0.7040468,-0.77153283,1.7691228,-0.648968,1.0295951,-0.2504572
802,-0.82967746,0.17068824,-0.36935604,-1.7205093,-1.243028,0.22607626,0.9307754,0.59484935,-0.03477475,0.19663382
803,-0.39318752,0.2806842,-0.53718555,0.39976045,-0.48837554,-0.008266126,-0.7830323,-0.5037896,-0.017886162,0.73195434
804,0.36438048,-1.3785107,1.1166975,-1.6365678,0.056468595,0.7094313,0.8047305,1.6016978,-0.26862517,0.22592235
805,-1.5184331,0.53309447,0.64358205,-0.6246755,-0.26154527,1.2251291,-0.3085751,-0.15420811,1.5911983,-1.4369413
806,1.152593,-1.0443742,-1.6346593,0.47671932,-0.27113736,-1.161227,0.19920355,0.34814572,-0.5904233,0.33124864
807,-0.5221447,0.3013932,2.259901,0.9918885,0.8122444,0.20503289,-0.43536216,0.1052106,-1.7687652,0.87743384
808,0.7348008,0.25207198,0.58030874,-1.1537364,0.08752155,0.1605344,0.7445504,0.4523998,-0.5301265,-1.1108361
809,-1.3336627,0.43276298,1.4370244,0.28550088,-0.42098814,1.8332537,0.46155086,-0.80547523,-0.1996063,0.11208695
810,0.754275,-0.4646969,-0.58195233,0.8511335,1.506578,0.48357704,-0.1654844,-0.921118,0.694027,0.6885082
811,-0.4594773,-0.112142056,-0.63030696,0.43388298,2.2044873,-1.2252538,-0.29896018,-0.7223575,0.4746596,0.045729235
812,0.18764073,-0.2689162,-0.47056603,-0.07877706,-0.8311269,0.67879206,-0.34102285,-0.14962551,-0.67705,1.0354906
813,-1.3572989,-0.82549745,1.1788552,-0.83406997,-1.0453126,0.17284021,0.63352215,1.9529383,0.33491597,0.66680896
814,-0.04707536,-0.7103964,1.7283745,-1.3399174,-0.56815743,0.29074165,-1.484609,2.8483586,-0.18088882,1.3536158
815,1.9016303,-0.9670018,1.6058967,-0.48323056,0.25398183,0.37954283,-0.05542907,0.06993262,-0.2859661,0.88020813
816,-1.3504609,-0.29298544,1.2752655,0.2742257,0.009764515,0.07260528,-0.52548546,-0.2627204,0.8475413,-0.5860803
817,0.32045212,-1.1785799,-0.34611967,-0.18278757,-0.21521018,1.1870153,0.007552743,-1.0570159,1.7622714,0.112260416
818,0.35107693,-0.24351043,1.1595469,0.7843794,1.0355527,-0.6778993,0.50701773,0.12997043,-0.14662707,-0.17673394
819,0.04254043,0.9650266,2.4285955,0.464527,-1.1127809,-0.2783143,-0.75528276,-0.10968953,-0.82760286,0.35140458
820,-0.40732327,0.6396055,-0.26854143,-1.6055784,0.38429266,0.16710548,-0.1299282,3.9384441,-0.70159644,-0.82415235
821,0.8488446,-0.43948147,-0.64599997,-0.9285312,1.3082665,0.7975479,-1.3224614,1.3485024,0.38450226,-1.3663125
822,-1.0658301,0.024465434,2.155684,-0.2151922,1.9646059,-1.3030566,-0.37974137,-0.33991742,0.68841076,-0.41831595
823,2.4064631,0.12914133,0.4313452,-0.2317737,-0.6491158,0.022464605,-1.3210196,0.060372293,-0.37428808,1.0629294
824,-0.7456459,-0.2044402,-0.4815542,1.1990205,0.19923508,0.40858546,1.637068,-1.0123553,-0.6430477,-0.6144109
825,-0.07912359,0.9549997,-0.25212514,0.5859849,-1.5756936,0.5023657,0.4456975,3.1495988,-1.5395293,0.74808687
826,0.31481737,-0.0043267906,1.2200692,1.743428,-1.0834267,1.1850666,-0.45095193,1.7067266,-2.1276507,1.1684527
827,-0.030710265,0.534766,-0.3136859,0.18049234,0.01113683,1.8414963,1.8139019,-0.95677745,-0.49176782,0.94950056
828,-0.054884344,0.43185598,0.048683703,-2.4153934,0.6544182,-0.8228773,1.187146,0.00012833253,-0.017873913,0.31287378
829,-1.5993733,0.06388125,1.4109025,-0.011158228,1.5529375,-1.2874717,0.80739653,0.5203466,0.1312955,1.3944125
830,-0.28450942,-1.402444,-0.085874975,-0.3888193,0.35072735,0.476268,-0.5397851,0.36171466,0.8982594,-0.20144595
831,0.42214277,0.08104521,-1.3094617,0.3285674,-0.7148508,1.9629111,0.6302813,-0.41239285,0.39536685,2.8965478
832,-1.3981794,-2.3446472,-0.055934727,-0.7600111,1.0648109,-0.31097016,1.0164734,-0.8022325,0.37052715,1.8604784
833,-1.5454736,-0.20081806,-0.49367887,0.15558217,-0.8415787,0.22607836,-0.64574814,-0.33065462,1.3473442,-0.9869547
834,0.9082598,-0.2954964,1.1230443,0.8088012,-0.3604382,0.6163998,0.10219087,1.0839275,2.5771515,1.1887945
835,1.4903157,-0.39682105,1.7275689,-1.389272,1.9936202,0.1820639,-1.0228956,2.2949593,-1.0827835,0.58270276
836,0.33337015,0.9118703,-0.28574952,0.77938974,-1.9150064,0.25869542,0.40407407,0.37306637,0.5864975,1.0609678
837,0.2495822,-0.33925173,2.0909216,0.3594192,0.023054779,0.02251562,-1.4420018,-0.9131239,-0.38413805,0.3244237
838,-1.299514,-0.12184964,0.91960996,-0.2439139,1.6778865,2.0630286,-0.080049574,0.075992465,2.544111,-0.6439795
839,1.0888329,-1.2867734,0.038819447,0.48237875,0.330054,-0.34654078,-0.18788803,0.7156237,0.062312156,0.9552607
840,1.2928036,0.7840653,0.29755354,0.5833072,-1.2575467,1.5337826,-0.65835893,0.8336242,0.23073295,0.51519287
841,-0.27022046,0.26575118,-1.7613217,-0.8587071,-0.85975945,0.043517448,-0.3739645,-0.45746493,-0.5749531,0.05091524
842,1.0983775,0.601436,-0.10387501,-0.47624028,-0.6456533,1.0697514,1.5810981,-0.683084,-2.2430496,0.9293512
843,0.92699933,1.2198756,2.2927408,0.52659905,-2.5344656,0.749909,-0.9614053,2.4744523,-2.217367,1.0323012
844,-0.44412103,0.50606173,1.1539565,1.6959025,-1.1097687,-0.62624943,-1.3416865,1.1232865,-0.9076139,0.116995454
845,-0.5307833,-0.2889666,-0.22059703,-0.0028661191,-0.2878044,0.24310848,0.8139364,1.3037066,0.33846596,0.8978641
846,-1.3135056,0.63883245,-1.0097638,-1.058495,-0.10064169,0.3934762,0.6189436,1.8153462,0.29013517,0.7640961
847,-0.49170858,-0.1392574,0.4878387,0.96941197,-0.6033719,-1.0482289,-0.67758054,-1.348284,-1.4790453,1.5100663
848,0.73633176,1.074605,-0.1593226,-0.5152222,-0.4389509,-0.95341265,-0.42114335,-0.074374154,-0.32572967,-1.1036915
849,0.055167913,-0.29960662,-0.9018561,-0.4376374,0.89273393,-1.1391377,0.57428676,-1.8911704,-0.42551023,-0.75761694
850,0.32773373,0.023917347,2.313982,-0.09511237,0.004890561,-1.0753585,-0.21885532,0.2855117,0.22752768,1.867075
851,-0.26662254,-1.3291059,-1.7333155,0.8168956,0.66806465,0.5907075,-0.6440769,-0.7146963,1.1472573,-0.64789546
852,0.6813438,1.4218535,-0.5425512,2.017105,-0.21654561,-0.30967885,-0.23623085,-0.98453104,0.5197385,1.4150331
853,-1.4620086,1.0023361,-0.5896635,-1.0542969,0.3300509,-0.9327983,1.0072935,0.30209917,1.7415677,-0.8277203
854,1.3017464,-1.0973271,1.8861505,-0.6153698,-0.84124815,0.6187461,-1.0778189,-0.3491012,-0.4819371,2.3517911
855,-0.8716909,-1.4629533,-1.084439,1.2963326,0.84992456,-0.027115406,-0.3374498,0.39442208,0.21640164,-0.18681866
856,-0.19566643,0.36752772,-1.9282823,-0.24271338,0.21054575,-0.27544612,2.0277855,-0.5474502,-1.4784443,0.85863405
857,1.8135519,0.8475946,-0.36315495,-1.1037961,-0.9257802,0.8783256,3.2077718,-1.5354338,-1.4055353,2.0725417
858,0.6680596,-0.3697966,0.32765386,-0.009724714,0.25204155,0.7153409,0.52184117,-0.29062313,-1.0156776,2.5088058
859,0.46597618,-1.0486996,0.42092228,-0.57121694,-0.9535903,0.3743188,1.5125248,0.8982802,0.33112013,-1.1343024
860,0.19541219,1.0236316,1.4533405,-0.14336778,-0.90816426,2.3157597,-1.35357,1.0628185,-1.6882066,3.37589
861,-0.54028124,0.99483466,0.80742186,1.4419239,0.8352456,-0.48311433,-0.46885982,0.20069538,0.76117986,1.2808708
862,0.21554351,0.7846768,0.8236153,1.1172532,-0.30886918,0.52378565,0.26508087,0.4045446,0.20491004,-0.83491117
863,1.1511257,-0.06621286,-0.41142386,-0.0010014772,1.607487,-0.57025075,-1.3260399,0.25014657,0.2903727,0.7991278
864,-0.83375734,1.1840923,-0.15178496,-0.39810267,0.059694618,0.60692996,0.80195737,1.1487887,1.4155934,-0.30818224
865,0.70102215,-0.64924496,0.78188634,-1.1263082,-0.13923235,-0.1489472,-0.11939415,0.53157145,2.4753783,-0.4876824
866,-0.5476911,0.6005033,-0.6819759,1.0280951,0.99599206,0.011860844,0.20621136,0.64754677,1.8602388,0.005612433
867,0.71601987,1.0937322,-0.45513034,-0.3118425,-1.3758513,0.65644497,-0.05901541,-0.19524187,2.6369658,-1.1041975
868,0.35252208,-0.43281674,-0.051868275,-0.37254018,0.8793363,0.8425338,0.9837954,-1.7953441,-0.06314106,0.6526735
869,-1.9133549,0.7998836,2.245335,-0.57024604,-1.0719919,0.19372787,-0.30005115,2.4103198,-0.28283858,-1.0883904
870,-0.61423564,1.40122,1.1020919,-0.8402852,0.4931215,-0.5139316,0.21502191,0.26851177,0.880348,-0.2936401
871,1.558629,-0.443191,-0.2756064,-0.3811341,2.1858118,2.2294638,2.1364946,-0.34030074,-0.14481242,-0.8794017
872,-0.0022372603,0.55515766,1.7006044,1.8541,-0.7349455,-0.6800202,0.49541736,0.23319685,-1.5534811,2.7764897
873,1.9537284,-0.77739775,-0.73326194,-1.8512356,1.1496658,0.5256048,2.8856373,1.6899731,0.083449334,-1.5950265
874,-0.6059482,1.1799212,1.4257764,-0.78521913,-0.9715744,-0.041464288,-0.17352624,0.48416498,0.36924458,0.84433806
875,2.094177,-1.2414426,-2.4408982,0.83669436,-1.0346472,-0.6743946,0.62058365,-0.5888133,-1.5885993,0.15009727
876,-0.22996292,-0.70864475,-0.6041459,-0.67503536,-0.3941065,-0.4753918,-0.27405778,1.6464466,-0.72968036,-0.16245489
877,-0.6629133,1.0612702,-0.3447042,-0.027550638,-1.0843375,-1.0636364,-0.190449,2.3958511,0.07896304,-0.7641483
878,-0.64622974,1.6030278,-0.60173357,0.49303237,-1.94584,-1.224985,-0.48688287,-0.52499926,-0.8746406,2.5528896
879,-1.0134937,-1.1524322,0.15645576,0.21799529,-1.2058632,-0.83195114,0.22817932,-0.047617793,-0.8135805,1.8707544
880,-0.4535147,1.3075442,1.5612476,1.8676498,-1.2112359,-0.4027056,-0.7413878,1.6987444,-0.70917636,2.8998554
881,-0.014479697,-0.80892104,-0.30241573,0.34869996,1.357326,0.12506486,0.95716715,1.9559948,0.94298494,-0.2851775
882,1.8763268,0.92497,1.1039984,-0.6310676,-0.8856399,0.55402637,-1.4559696,-0.22969398,-0.55872023,-0.5250838
883,3.2396922,1.0632505,0.31301647,-0.14536408,-0.1593625,-1.5514787,-0.017181322,0.29807353,0.47637272,0.788885
